Workbook

Sheet SELECTION
A1: ID marqueur | B1: Evénement | C1: Année | D1: Genre | E1: Timing début | F1: Timing fin | G1: Lemme | H1: POS-TAG | I1: Type morpho-syntaxique | J1: Position du marqueur dans l'UCT | K1: Position de l'UCT dans le TDP | L1: Rôle de l'UCT dans la séquence | M1: Regard avant le marqueur | N1: Regard pendant le marqueur | O1: Regard après le marqueur | P1: Présence d'un geste? | Q1: Type de geste | R1: Direction | S1: Source | T1: Polarité
A2: 20001 | B2: DPU_UDC | C2: 2007 | D2: Débat public | E2: 804366 | F2: 804552 | G2: SEMBLER | H2: verbe | I2: construction attributive à verbe copule | J2: milieu | K2: milieu | L2: indéterminé | M2: allocutaire(s) | N2: allocutaire(s) | O2: allocutaire(s) | P2: non | R2: à l'intérieur | S2: ML | T2: positive
A3: 20002 | B3: DPU_REC | C3: 2007 | D3: Débat public | E3: 1352035 | F3: 1352284 | G3: PARAÎTRE | H3: verbe | I3: construction attributive à verbe copule | J3: début* | K3: milieu | L3: indéterminé | M3: allocutaire(s) | N3: autre | O3: autre | P3: oui | Q3: Meta.Aura | R3: à l'intérieur | S3: ML | T3: positive
A4: 20003 | B4: DPU_UDC | C4: 2007 | D4: Débat public | E4: 1888187 | F4: 1888333 | G4: PARAÎTRE | H4: verbe | I4: construction attributive à verbe copule | J4: milieu | K4: milieu | L4: indéterminé | M4: allocutaire(s) | N4: allocutaire(s) | O4: allocutaire(s) | P4: oui | Q4: Deictic.Addressee | R4: à l'intérieur | S4: ML | T4: positive
A5: 20004 | B5: DTV_SM1 | C5: 2007 | D5: Débat télévisé | E5: 340280 | F5: 341094 | G5: PARAÎTRE | H5: verbe | I5: construction attributive à verbe copule | J5: début* | K5: milieu | L5: indéterminé | M5: autre | N5: indéterminable | O5: autre | P5: impossible à déterminer | R5: portée<marqueur | S5: ML | T5: positive
A6: 20005 | B6: DTV_SM2 | C6: 2013 | D6: Débat télévisé | E6: 880398 | F6: 880572 | G6: PARAÎTRE | H6: verbe | I6: construction attributive à verbe copule | J6: milieu | K6: milieu | L6: indéterminé | M6: indéterminable | N6: indéterminable | O6: indéterminable | P6: impossible à déterminer | R6: à l'intérieur | S6: ML | T6: positive
A7: 20006 | B7: REU_BL1 | C7: 2017 | D7: Réunion professionnelle | E7: 2729947 | F7: 2730002 | G7: PARAÎTRE | H7: verbe | I7: construction attributive à verbe copule | J7: début* | K7: totalité | L7: indéterminé | M7: objet (symbolique) | N7: objet (symbolique) | O7: objet (symbolique) | P7: oui | Q7: Deictic.Object | R7: à l'intérieur | S7: ML | T7: positive
A8: 20007 | B8: DPU_MED | C8: 2008 | D8: Débat public | E8: 2878433 | F8: 2878820 | G8: AVOIR L'AIR | H8: locution verbale | I8: construction attributive à verbe copule | J8: début* | K8: milieu | L8: indéterminé | M8: allocutaire(s) | N8: allocutaire(s) | O8: allocutaire(s) | P8: non | R8: portée<marqueur | S8: ML | T8: positive
A9: 20008 | B9: DTV_DEM | C9: 2007 | D9: Débat télévisé | E9: 3199465 | F9: 3199624 | G9: AVOIR L'AIR | H9: locution verbale | I9: construction attributive à verbe copule | J9: milieu | K9: début | L9: initiatif | M9: indéterminable | N9: indéterminable | O9: indéterminable | P9: oui | Q9: Deictic.Indeterminable | R9: à l'intérieur | S9: ML | T9: positive
A10: 20009 | B10: DTV_VEH | C10: 2007 | D10: Débat télévisé | E10: 463064 | F10: 463380 | G10: AVOIR L'AIR | H10: locution verbale | I10: construction attributive à verbe copule | J10: fin* | K10: fin | L10: indéterminé | M10: indéterminable | N10: indéterminable | O10: indéterminable | P10: oui | Q10: Deictic.Indeterminable | R10: à l'intérieur | S10: ML | T10: positive
A11: 20010 | B11: DPU_BIE | C11: 2009 | D11: Débat public | E11: 2384187 | F11: 2385363 | G11: AVOIR L'IMPRESSION | H11: locution verbale | I11: prédicat verbal à complément | J11: milieu | K11: milieu | L11: initiatif | M11: allocutaire(s) | N11: allocutaire(s) | O11: allocutaire(s) | P11: oui | Q11: Deictic.Self | R11: marqueur>portée | S11: ML | T11: positive
A12: 20012 | B12: DTV_VEH | C12: 2007 | D12: Débat télévisé | E12: 3480664 | F12: 3481291 | G12: AVOIR L'IMPRESSION | H12: locution verbale | I12: prédicat verbal à complément | J12: début* | K12: fin | L12: initiatif | M12: indéterminable | N12: indéterminable | O12: indéterminable | P12: oui | Q12: Deictic.Addressee | R12: marqueur>portée | S12: ML | T12: neutre
A13: 20013 | B13: REU_AC1 | C13: 2017 | D13: Réunion professionnelle | E13: 1996191 | F13: 1996800 | G13: AVOIR L'IMPRESSION | H13: locution verbale | I13: prédicat verbal à complément | J13: milieu | K13: milieu | L13: indéterminé | M13: allocutaire(s) | N13: allocutaire(s) | O13: allocutaire(s) | P13: non | R13: marqueur>portée | S13: ML | T13: positive
A14: 20014 | B14: REU_BM3 | C14: 2017 | D14: Réunion professionnelle | E14: 3146178 | F14: 3146624 | G14: AVOIR L'IMPRESSION | H14: locution verbale | I14: prédicat verbal à complément | J14: milieu | K14: totalité | L14: indéterminé | M14: objet (symbolique) | N14: objet (symbolique) | O14: objet (symbolique) | P14: non | R14: marqueur>portée | S14: ML | T14: positive
A15: 20015 | B15: REU_CL1 | C15: 2017 | D15: Réunion professionnelle | E15: 2888539 | F15: 2888989 | G15: AVOIR L'IMPRESSION | H15: locution verbale | I15: prédicat verbal à complément | J15: début* | K15: totalité | L15: indéterminé | M15: autre | N15: allocutaire(s) | O15: allocutaire(s) | P15: non | R15: marqueur>portée | S15: ML | T15: positive
A16: 20017 | B16: REU_AC2 | C16: 2017 | D16: Réunion professionnelle | E16: 1431198 | F16: 1431300 | G16: AVOIR L'AIR | H16: locution verbale | I16: construction attributive à verbe copule | J16: milieu | K16: milieu | L16: indéterminé | M16: objet (symbolique) | N16: objet (symbolique) | O16: objet (symbolique) | P16: non | R16: à l'intérieur | S16: ML | T16: positive
A17: 20018 | B17: REU_CL1 | C17: 2017 | D17: Réunion professionnelle | E17: 2522231 | F17: 2522644 | G17: AVOIR L'AIR | H17: locution verbale | I17: construction attributive à verbe copule | J17: milieu | K17: totalité | L17: réactif/évaluatif | M17: allocutaire(s) | N17: allocutaire(s) | O17: allocutaire(s) | P17: non | R17: à l'intérieur | S17: ML | T17: positive
A18: 20019 | B18: REU_CL1 | C18: 2017 | D18: Réunion professionnelle | E18: 3934802 | F18: 3935249 | G18: AVOIR L'AIR | H18: locution verbale | I18: construction attributive à verbe copule | J18: début* | K18: totalité | L18: indéterminé | M18: autre | N18: allocutaire(s) | O18: allocutaire(s) | P18: non | R18: à l'intérieur | S18: ML | T18: positive
A19: 20020 | B19: REU_CL1 | C19: 2017 | D19: Réunion professionnelle | E19: 20296 | F19: 20648 | G19: AVOIR L'AIR | H19: locution verbale | I19: construction attributive à verbe copule | J19: milieu | K19: totalité | L19: indéterminé | M19: objet (symbolique) | N19: objet (symbolique) | O19: objet (symbolique) | P19: non | R19: à l'intérieur | S19: ML | T19: positive
A20: 20021 | B20: REU_CL1 | C20: 2017 | D20: Réunion professionnelle | E20: 5777249 | F20: 5777423 | G20: AVOIR L'AIR | H20: locution verbale | I20: construction attributive à verbe copule | J20: milieu | K20: milieu | L20: indéterminé | M20: allocutaire(s) | N20: autre | O20: autre | P20: non | R20: à l'intérieur | S20: ML | T20: positive
A21: 20023 | B21: REU_BL2 | C21: 2017 | D21: Réunion professionnelle | E21: 2018074 | F21: 2018700 | G21: AVOIR L'IMPRESSION | H21: locution verbale | I21: prédicat verbal à complément | J21: milieu | K21: milieu | L21: indéterminé | M21: autre | N21: autre | O21: autre | P21: oui | Q21: Meta.Cup | R21: marqueur>portée | S21: ML | T21: positive
A22: 20024 | B22: REU_BL2 | C22: 2017 | D22: Réunion professionnelle | E22: 2094604 | F22: 2095183 | G22: AVOIR L'IMPRESSION | H22: locution verbale | I22: prédicat verbal à complément | J22: milieu | K22: milieu | L22: indéterminé | M22: allocutaire(s) | N22: autre | O22: autre | P22: oui | Q22: Deictic.Addressee; Emblem.So-What | R22: marqueur>portée | S22: ML | T22: positive
A23: 20025 | B23: REU_BL2 | C23: 2017 | D23: Réunion professionnelle | E23: 1452304 | F23: 1452888 | G23: AVOIR L'IMPRESSION | H23: locution verbale | I23: prédicat verbal à complément | J23: milieu | K23: fin | L23: indéterminé | M23: allocutaire(s) | N23: allocutaire(s) | O23: allocutaire(s) | P23: oui | Q23: Deictic.Indeterminable | R23: marqueur>portée | S23: ML | T23: négative
A24: 20026 | B24: REU_BM1 | C24: 2017 | D24: Réunion professionnelle | E24: 3267596 | F24: 3269069 | G24: AVOIR L'IMPRESSION | H24: locution verbale | I24: prédicat verbal à complément | J24: début* | K24: milieu | L24: indéterminé | M24: allocutaire(s) | N24: autre | O24: allocutaire(s) | P24: oui | Q24: Deictic.Addressee | R24: marqueur>portée | S24: ML | T24: neutre
A25: 20027 | B25: REU_BM1 | C25: 2017 | D25: Réunion professionnelle | E25: 4398999 | F25: 4399496 | G25: AVOIR L'IMPRESSION | H25: locution verbale | I25: prédicat verbal à complément | J25: milieu | K25: milieu | L25: indéterminé | M25: objet (symbolique) | N25: allocutaire(s) | O25: allocutaire(s) | P25: oui | Q25: Deictic.Object | R25: marqueur>portée | S25: ML | T25: positive
A26: 20028 | B26: REU_BM2 | C26: 2017 | D26: Réunion professionnelle | E26: 2307546 | F26: 2308298 | G26: AVOIR L'IMPRESSION | H26: locution verbale | I26: prédicat verbal à complément | J26: début | K26: milieu | L26: indéterminé | M26: objet (symbolique) | N26: objet (symbolique) | O26: objet (symbolique) | P26: oui | Q26: Deictic.Object | R26: marqueur>portée | S26: ML | T26: positive
A27: 20029 | B27: REU_BV1 | C27: 2017 | D27: Réunion professionnelle | E27: 2706730 | F27: 2708308 | G27: AVOIR L'IMPRESSION | H27: locution verbale | I27: prédicat verbal à complément | J27: milieu | K27: milieu | L27: indéterminé | M27: autre | N27: allocutaire(s) | O27: autre | P27: non | R27: marqueur>portée | S27: ML | T27: positive
A28: 20030 | B28: REU_BV1 | C28: 2017 | D28: Réunion professionnelle | E28: 2747113 | F28: 2749083 | G28: AVOIR L'IMPRESSION | H28: locution verbale | I28: prédicat verbal à complément | J28: milieu | K28: totalité | L28: indéterminé | M28: autre | N28: allocutaire(s) | O28: allocutaire(s) | P28: oui | Q28: Deictic.Object | R28: marqueur>portée | S28: ML | T28: positive
A29: 20031 | B29: REU_BV1 | C29: 2017 | D29: Réunion professionnelle | E29: 5123100 | F29: 5123978 | G29: AVOIR L'IMPRESSION | H29: locution verbale | I29: prédicat verbal à complément | J29: début | K29: totalité | L29: réactif/évaluatif | M29: allocutaire(s) | N29: allocutaire(s) | O29: allocutaire(s) | P29: non | R29: marqueur>portée | S29: ML | T29: positive
A30: 20032 | B30: REU_CL1 | C30: 2017 | D30: Réunion professionnelle | E30: 1946101 | F30: 1946835 | G30: AVOIR L'IMPRESSION | H30: locution verbale | I30: prédicat verbal à complément | J30: milieu | K30: fin | L30: réactif/évaluatif | M30: allocutaire(s) | N30: allocutaire(s) | O30: allocutaire(s) | P30: non | R30: marqueur>portée | S30: ML | T30: positive
A31: 20033 | B31: REU_CL1 | C31: 2017 | D31: Réunion professionnelle | E31: 3625300 | F31: 3626886 | G31: AVOIR L'IMPRESSION | H31: locution verbale | I31: prédicat verbal à complément | J31: début* | K31: milieu | L31: indéterminé | M31: autre | N31: autre | O31: autre | P31: non | R31: marqueur>portée | S31: ML | T31: positive
A32: 20034 | B32: REU_CL4 | C32: 2018 | D32: Réunion professionnelle | E32: 164459 | F32: 165002 | G32: AVOIR L'IMPRESSION | H32: locution verbale | I32: prédicat verbal à complément | J32: début* | K32: milieu | L32: initiatif | M32: autre | N32: autre | O32: autre | P32: non | R32: marqueur>portée | S32: ML | T32: positive
A33: 20035 | B33: REU_CL4 | C33: 2018 | D33: Réunion professionnelle | E33: 1751370 | F33: 1752333 | G33: AVOIR L'IMPRESSION | H33: locution verbale | I33: parenthétique | J33: fin | K33: totalité | L33: réactif/évaluatif | M33: objet (symbolique) | N33: objet (symbolique) | O33: objet (symbolique) | P33: non | R33: portée<marqueur | S33: ML | T33: positive
A34: 20036 | B34: REU_CL4 | C34: 2018 | D34: Réunion professionnelle | E34: 3502810 | F34: 3503557 | G34: AVOIR L'IMPRESSION | H34: locution verbale | I34: parenthétique | J34: fin | K34: fin | L34: indéterminé | M34: autre | N34: autre | O34: allocutaire(s) | P34: non | R34: portée<marqueur | S34: ML | T34: positive
A35: 20037 | B35: REU_CL4 | C35: 2018 | D35: Réunion professionnelle | E35: 5730225 | F35: 5731572 | G35: AVOIR L'IMPRESSION | H35: locution verbale | I35: prédicat verbal à complément | J35: milieu | K35: fin | L35: indéterminé | M35: indéterminable | N35: indéterminable | O35: indéterminable | P35: non | R35: marqueur>portée | S35: ML | T35: positive
A36: 20038 | B36: REU_AM1 | C36: 2017 | D36: Réunion professionnelle | E36: 2250859 | F36: 2251618 | G36: AVOIR L'IMPRESSION | H36: locution verbale | I36: prédicat verbal à complément | J36: milieu | K36: totalité | L36: réactif/évaluatif | M36: autre | N36: autre | O36: allocutaire(s) | P36: oui | Q36: Deictic.Object | R36: marqueur>portée | S36: ML | T36: positive
A37: 20039 | B37: REU_BL1 | C37: 2017 | D37: Réunion professionnelle | E37: 1082360 | F37: 1083470 | G37: DONNER L'IMPRESSION | H37: locution verbale | I37: construction attributive à verbe copule | J37: milieu | K37: totalité | L37: indéterminé | M37: allocutaire(s) | N37: allocutaire(s) | O37: allocutaire(s) | P37: oui | Q37: Deictic.Addressee; Meta.Thought-Grip | R37: à l'intérieur | S37: ML | T37: positive
A38: 20040 | B38: REU_BL2 | C38: 2017 | D38: Réunion professionnelle | E38: 1235904 | F38: 1237273 | G38: DONNER L'IMPRESSION | H38: locution verbale | I38: proposition complète | J38: totalité | K38: totalité | L38: indéterminé | M38: autre | N38: allocutaire(s) | O38: autre | P38: oui | Q38: Meta.Thought-Grip | R38: portée<marqueur | S38: ML | T38: positive
A39: 20041 | B39: REU_AM1 | C39: 2017 | D39: Réunion professionnelle | E39: 2434645 | F39: 2435838 | G39: DONNER L'IMPRESSION | H39: locution verbale | I39: construction attributive à verbe copule | J39: totalité | K39: fin | L39: indéterminé | M39: objet (symbolique) | N39: allocutaire(s) | O39: allocutaire(s) | P39: non | R39: portée<marqueur | S39: ML | T39: positive
A40: 20042 | B40: DTV_REC | C40: 2009 | D40: Débat télévisé | E40: 2493425 | F40: 2493607 | G40: PARAÎTRE | H40: verbe | I40: construction attributive à verbe copule | J40: début* | K40: totalité | L40: réactif/évaluatif | M40: indéterminable | N40: indéterminable | O40: indéterminable | P40: impossible à déterminer | R40: à l'intérieur | S40: ML | T40: positive
A41: 20043 | B41: DTV_REC | C41: 2009 | D41: Débat télévisé | E41: 1090006 | F41: 1090403 | G41: PARAÎTRE | H41: verbe | I41: construction attributive à verbe copule | J41: milieu | K41: fin | L41: réactif/évaluatif | M41: allocutaire(s) | N41: allocutaire(s) | O41: allocutaire(s) | P41: non | R41: à l'intérieur | S41: ML | T41: positive
A42: 20044 | B42: DTV_SM1 | C42: 2007 | D42: Débat télévisé | E42: 3448899 | F42: 3449194 | G42: PARAÎTRE | H42: verbe | I42: construction attributive à verbe copule | J42: milieu | K42: milieu | L42: indéterminé | M42: indéterminable | N42: indéterminable | O42: indéterminable | P42: impossible à déterminer | R42: marqueur>portée | S42: ML | T42: positive
A43: 20045 | B43: DTV_SM2 | C43: 2013 | D43: Débat télévisé | E43: 407370 | F43: 407788 | G43: PARAÎTRE | H43: verbe | I43: construction attributive à verbe copule | J43: milieu | K43: milieu | L43: indéterminé | M43: indéterminable | N43: indéterminable | O43: indéterminable | P43: non | R43: à l'intérieur | S43: ML | T43: positive
A44: 20046 | B44: DTV_SM2 | C44: 2013 | D44: Débat télévisé | E44: 2376594 | F44: 2377024 | G44: PARAÎTRE | H44: verbe | I44: construction attributive à verbe copule | J44: milieu | K44: début | L44: indéterminé | M44: indéterminable | N44: indéterminable | O44: indéterminable | P44: impossible à déterminer | R44: à l'intérieur | S44: ML | T44: positive
A45: 20047 | B45: DTV_VEH | C45: 2007 | D45: Débat télévisé | E45: 3110960 | F45: 3111329 | G45: PARAÎTRE | H45: verbe | I45: construction attributive à verbe copule | J45: milieu | K45: milieu | L45: réactif/évaluatif | M45: indéterminable | N45: indéterminable | O45: indéterminable | P45: impossible à déterminer | R45: à l'intérieur | S45: ML | T45: positive
A46: 20048 | B46: REU_AC1 | C46: 2017 | D46: Réunion professionnelle | E46: 632565 | F46: 632801 | G46: PARAÎTRE | H46: verbe | I46: construction attributive à verbe copule | J46: début* | K46: totalité | L46: réactif/évaluatif | M46: objet (symbolique) | N46: objet (symbolique) | O46: objet (symbolique) | P46: non | R46: à l'intérieur | S46: ML | T46: positive
A47: 20049 | B47: REU_BM3 | C47: 2017 | D47: Réunion professionnelle | E47: 1510714 | F47: 1510956 | G47: SEMBLER | H47: verbe | I47: prédicat verbal à complément | J47: milieu | K47: totalité | L47: réactif/évaluatif | M47: autre | N47: autre | O47: autre | P47: non | R47: marqueur>portée | S47: ML | T47: positive
A48: 20050 | B48: REU_BM3 | C48: 2017 | D48: Réunion professionnelle | E48: 2644338 | F48: 2644678 | G48: SEMBLER | H48: verbe | I48: prédicat verbal à complément | J48: milieu | K48: totalité | L48: réactif/évaluatif | M48: objet (symbolique) | N48: objet (symbolique) | O48: objet (symbolique) | P48: oui | Q48: Deictic.Object | R48: marqueur>portée | S48: ML | T48: positive
A49: 20051 | B49: REU_BL1 | C49: 2017 | D49: Réunion professionnelle | E49: 2369459 | F49: 2369902 | G49: SEMBLER | H49: verbe | I49: parenthétique | J49: totalité | K49: totalité | L49: indéterminé | M49: objet (symbolique) | N49: objet (symbolique) | O49: objet (symbolique) | P49: oui | Q49: Deictic.Object | R49: portée<marqueur | S49: ML | T49: positive
A50: 20052 | B50: REU_CL4 | C50: 2018 | D50: Réunion professionnelle | E50: 1276013 | F50: 1276427 | G50: SEMBLER | H50: verbe | I50: prédicat verbal à complément | J50: début | K50: fin | L50: indéterminé | M50: allocutaire(s) | N50: allocutaire(s) | O50: allocutaire(s) | P50: non | R50: marqueur>portée | S50: ML | T50: positive
A51: 20053 | B51: DPU_BIE | C51: 2009 | D51: Débat public | E51: 2473701 | F51: 2474212 | G51: SEMBLER | H51: verbe | I51: prédicat verbal à complément | J51: début* | K51: fin | L51: réactif/évaluatif | M51: autre | N51: autre | O51: allocutaire(s) | P51: oui | Q51: Meta.Open | R51: à l'intérieur | S51: ML | T51: positive
A52: 20054 | B52: DPU_BIE | C52: 2009 | D52: Débat public | E52: 3190778 | F52: 3191305 | G52: SEMBLER | H52: verbe | I52: prédicat verbal à complément | J52: début | K52: début | L52: indéterminé | M52: autre | N52: autre | O52: allocutaire(s) | P52: oui | Q52: Deictic.Indeterminable | R52: marqueur>portée | S52: ML | T52: positive
A53: 20055 | B53: DPU_ETU | C53: 2007 | D53: Débat public | E53: 3686876 | F53: 3687508 | G53: SEMBLER | H53: verbe | I53: prédicat verbal à complément | J53: milieu | K53: milieu | L53: réactif/évaluatif | M53: indéterminable | N53: indéterminable | O53: indéterminable | P53: impossible à déterminer | R53: marqueur>portée | S53: ML | T53: positive
A54: 20056 | B54: DPU_ETU | C54: 2007 | D54: Débat public | E54: 3767115 | F54: 3767526 | G54: SEMBLER | H54: verbe | I54: prédicat verbal à complément | J54: milieu | K54: fin | L54: indéterminé | M54: allocutaire(s) | N54: allocutaire(s) | O54: allocutaire(s) | P54: oui | Q54: Meta.Cup-Flip | R54: marqueur>portée | S54: ML | T54: positive
A55: 20057 | B55: DPU_PRE | C55: 2008 | D55: Débat public | E55: 2117423 | F55: 2118621 | G55: SEMBLER | H55: verbe | I55: prédicat verbal à complément | J55: début | K55: début | L55: indéterminé | M55: indéterminable | N55: indéterminable | O55: indéterminable | P55: impossible à déterminer | R55: marqueur>portée | S55: ML | T55: positive
A56: 20058 | B56: DPU_PRE | C56: 2008 | D56: Débat public | E56: 2150738 | F56: 2152087 | G56: SEMBLER | H56: verbe | I56: prédicat verbal à complément | J56: milieu | K56: milieu | L56: indéterminé | M56: autre | N56: autre | O56: autre | P56: non | R56: marqueur>portée | S56: ML | T56: positive
A57: 20059 | B57: DPU_PRE | C57: 2008 | D57: Débat public | E57: 2186614 | F57: 2187425 | G57: SEMBLER | H57: verbe | I57: prédicat verbal à complément | J57: milieu | K57: milieu | L57: indéterminé | M57: autre | N57: autre | O57: autre | P57: non | R57: marqueur>portée | S57: ML | T57: positive
A58: 20060 | B58: DPU_PRE | C58: 2008 | D58: Débat public | E58: 2193049 | F58: 2193358 | G58: SEMBLER | H58: verbe | I58: prédicat verbal à complément | J58: milieu | K58: milieu | L58: indéterminé | M58: autre | N58: autre | O58: autre | P58: oui | Q58: Meta.Idea | R58: à l'intérieur | S58: ML | T58: positive
A59: 20061 | B59: DPU_PRE | C59: 2008 | D59: Débat public | E59: 2200969 | F59: 2201749 | G59: SEMBLER | H59: verbe | I59: prédicat verbal à complément | J59: milieu | K59: milieu | L59: indéterminé | M59: allocutaire(s) | N59: allocutaire(s) | O59: allocutaire(s) | P59: oui | Q59: Deictic.Addressee | R59: marqueur>portée | S59: ML | T59: positive
A60: 20062 | B60: DPU_PRE | C60: 2008 | D60: Débat public | E60: 2209183 | F60: 2209714 | G60: SEMBLER | H60: verbe | I60: prédicat verbal à complément | J60: milieu | K60: milieu | L60: indéterminé | M60: allocutaire(s) | N60: autre | O60: allocutaire(s) | P60: oui | Q60: Deictic.Addressee | R60: à l'intérieur | S60: ML | T60: positive
A61: 20063 | B61: DPU_SAL | C61: 2008 | D61: Débat public | E61: 2561553 | F61: 2562688 | G61: SEMBLER | H61: verbe | I61: prédicat verbal à complément | J61: milieu | K61: milieu | L61: indéterminé | M61: autre | N61: allocutaire(s) | O61: allocutaire(s) | P61: non | R61: marqueur>portée | S61: ML | T61: positive
A62: 20064 | B62: DPU_SAL | C62: 2008 | D62: Débat public | E62: 3387973 | F62: 3388321 | G62: SEMBLER | H62: verbe | I62: prédicat verbal à complément | J62: début* | K62: milieu | L62: réactif/évaluatif | M62: allocutaire(s) | N62: allocutaire(s) | O62: allocutaire(s) | P62: impossible à déterminer | R62: marqueur>portée | S62: ML | T62: positive
A63: 20065 | B63: DPU_SAL | C63: 2008 | D63: Débat public | E63: 3393667 | F63: 3393993 | G63: SEMBLER | H63: verbe | I63: prédicat verbal à complément | J63: milieu | K63: milieu | L63: réactif/évaluatif | M63: allocutaire(s) | N63: allocutaire(s) | O63: allocutaire(s) | P63: non | R63: marqueur>portée | S63: ML | T63: positive
A64: 20066 | B64: DPU_SAL | C64: 2008 | D64: Débat public | E64: 3416948 | F64: 3417297 | G64: SEMBLER | H64: verbe | I64: prédicat verbal à complément | J64: milieu | K64: fin | L64: indéterminé | M64: allocutaire(s) | N64: allocutaire(s) | O64: allocutaire(s) | P64: non | R64: marqueur>portée | S64: ML | T64: positive
A65: 20067 | B65: DTV_DEM | C65: 2007 | D65: Débat télévisé | E65: 1247834 | F65: 1248340 | G65: SEMBLER | H65: verbe | I65: prédicat verbal à complément | J65: milieu | K65: milieu | L65: indéterminé | M65: allocutaire(s) | N65: autre | O65: allocutaire(s) | P65: impossible à déterminer | R65: marqueur>portée | S65: ML | T65: positive
A66: 20068 | B66: DTV_REC | C66: 2009 | D66: Débat télévisé | E66: 2719833 | F66: 2720424 | G66: SEMBLER | H66: verbe | I66: prédicat verbal à complément | J66: milieu | K66: fin | L66: initiatif | M66: indéterminable | N66: indéterminable | O66: indéterminable | P66: impossible à déterminer | R66: marqueur>portée | S66: ML | T66: positive
A67: 20069 | B67: REU_AC2 | C67: 2017 | D67: Réunion professionnelle | E67: 729425 | F67: 729744 | G67: SEMBLER | H67: verbe | I67: prédicat verbal à complément | J67: milieu | K67: totalité | L67: réactif/évaluatif | M67: allocutaire(s) | N67: allocutaire(s) | O67: allocutaire(s) | P67: non | R67: marqueur>portée | S67: ML | T67: positive
A68: 20070 | B68: DPU_UDC | C68: 2007 | D68: Débat public | E68: 1138979 | F68: 1139479 | G68: SEMBLER | H68: verbe | I68: parenthétique | J68: milieu | K68: milieu | L68: indéterminé | M68: allocutaire(s) | N68: allocutaire(s) | O68: allocutaire(s) | P68: non | R68: à l'intérieur | S68: ML | T68: positive
A69: 20071 | B69: DPU_UDC | C69: 2007 | D69: Débat public | E69: 1459963 | F69: 1460805 | G69: SEMBLER | H69: verbe | I69: parenthétique | J69: milieu | K69: milieu | L69: indéterminé | M69: allocutaire(s) | N69: allocutaire(s) | O69: allocutaire(s) | P69: oui | Q69: Meta.Open | R69: à l'intérieur | S69: ML | T69: positive
A70: 20072 | B70: DTV_DEM | C70: 2007 | D70: Débat télévisé | E70: 172167 | F70: 172503 | G70: SEMBLER | H70: verbe | I70: parenthétique | J70: milieu | K70: milieu | L70: indéterminé | M70: indéterminable | N70: indéterminable | O70: indéterminable | P70: impossible à déterminer | R70: à l'intérieur | S70: ML | T70: positive
A71: 20073 | B71: DTV_DEM | C71: 2007 | D71: Débat télévisé | E71: 1121197 | F71: 1122252 | G71: SEMBLER | H71: verbe | I71: parenthétique | J71: milieu | K71: milieu | L71: réactif/évaluatif | M71: allocutaire(s) | N71: allocutaire(s) | O71: allocutaire(s) | P71: impossible à déterminer | R71: à l'intérieur | S71: ML | T71: positive
A72: 20074 | B72: DTV_DEM | C72: 2007 | D72: Débat télévisé | E72: 1204656 | F72: 1205754 | G72: SEMBLER | H72: verbe | I72: parenthétique | J72: milieu | K72: fin | L72: réactif/évaluatif | M72: allocutaire(s) | N72: allocutaire(s) | O72: allocutaire(s) | P72: impossible à déterminer | R72: à l'intérieur | S72: ML | T72: positive
A73: 20075 | B73: DPU_SAL | C73: 2008 | D73: Débat public | E73: 1964643 | F73: 1964764 | G73: SEMBLER | H73: verbe | I73: construction attributive à verbe copule | J73: milieu | K73: milieu | L73: indéterminé | M73: autre | N73: autre | O73: allocutaire(s) | P73: oui | Q73: Meta.Cup-Flip | R73: à l'intérieur | S73: ML | T73: positive
A74: 20076 | B74: DPU_UDC | C74: 2007 | D74: Débat public | E74: 1196517 | F74: 1196719 | G74: SEMBLER | H74: verbe | I74: construction attributive à verbe copule | J74: milieu | K74: milieu | L74: indéterminé | M74: objet (symbolique) | N74: objet (symbolique) | O74: allocutaire(s) | P74: non | R74: à l'intérieur | S74: ML | T74: positive
A75: 20077 | B75: DPU_SAL | C75: 2008 | D75: Débat public | E75: 1525029 | F75: 1525883 | G75: SEMBLER | H75: verbe | I75: construction attributive à verbe copule | J75: milieu | K75: début | L75: initiatif | M75: allocutaire(s) | N75: allocutaire(s) | O75: allocutaire(s) | P75: non | R75: portée<marqueur | S75: ML | T75: positive
A76: 20078 | B76: REU_BV1 | C76: 2017 | D76: Réunion professionnelle | E76: 3763806 | F76: 3764091 | G76: SEMBLER | H76: verbe | I76: construction attributive à verbe copule | J76: milieu | K76: début | L76: indéterminé | M76: allocutaire(s) | N76: allocutaire(s) | O76: allocutaire(s) | P76: oui | Q76: Meta.Thought-Grip | R76: à l'intérieur | S76: ML | T76: positive
A77: 20079 | B77: DTV_DEM | C77: 2007 | D77: Débat télévisé | E77: 274566 | F77: 274787 | G77: SEMBLER | H77: verbe | I77: construction attributive à verbe copule | J77: milieu | K77: milieu | L77: indéterminé | M77: indéterminable | N77: autre | O77: autre | P77: impossible à déterminer | R77: à l'intérieur | S77: ML | T77: positive
A78: 20080 | B78: DPU_UDC | C78: 2007 | D78: Débat public | E78: 1399522 | F78: 1400756 | G78: SEMBLER | H78: verbe | I78: parenthétique | J78: milieu | K78: milieu | L78: indéterminé | M78: allocutaire(s) | N78: allocutaire(s) | O78: allocutaire(s) | P78: non | R78: portée<marqueur | S78: ML | T78: positive
A79: 20081 | B79: DTV_DEM | C79: 2007 | D79: Débat télévisé | E79: 613487 | F79: 613900 | G79: SEMBLER | H79: verbe | I79: parenthétique | J79: milieu | K79: milieu | L79: indéterminé | M79: allocutaire(s) | N79: indéterminable | O79: indéterminable | P79: impossible à déterminer | R79: à l'intérieur | S79: ML | T79: positive
A80: 20082 | B80: DTV_SM1 | C80: 2007 | D80: Débat télévisé | E80: 246459 | F80: 246803 | G80: SEMBLER | H80: verbe | I80: construction attributive à verbe copule | J80: milieu | K80: début | L80: réactif/évaluatif | M80: indéterminable | N80: indéterminable | O80: indéterminable | P80: impossible à déterminer | R80: à l'intérieur | S80: ML | T80: positive
A81: 20083 | B81: DTV_SM1 | C81: 2007 | D81: Débat télévisé | E81: 372579 | F81: 372675 | G81: SEMBLER | H81: verbe | I81: construction attributive à verbe copule | J81: milieu | K81: milieu | L81: indéterminé | M81: indéterminable | N81: indéterminable | O81: indéterminable | P81: impossible à déterminer | R81: à l'intérieur | S81: ML | T81: négative
A82: 20085 | B82: DPU_VEH | C82: 2008 | D82: Débat public | E82: 2714222 | F82: 2714293 | G82: SEMBLER | H82: verbe | I82: construction attributive à verbe copule | J82: début* | K82: totalité | L82: indéterminé | M82: allocutaire(s) | N82: allocutaire(s) | O82: allocutaire(s) | P82: non | R82: à l'intérieur | S82: ML | T82: positive
A83: 20086 | B83: DPU_BIE | C83: 2009 | D83: Débat public | E83: 2841234 | F83: 2841548 | G83: SEMBLER | H83: verbe | I83: construction attributive à verbe copule | J83: milieu | K83: milieu | L83: indéterminé | M83: allocutaire(s) | N83: allocutaire(s) | O83: allocutaire(s) | P83: oui | Q83: Meta.Walls | R83: à l'intérieur | S83: ML | T83: positive
A84: 20087 | B84: REU_BL2 | C84: 2017 | D84: Réunion professionnelle | E84: 1221628 | F84: 1221743 | G84: SEMBLER | H84: verbe | I84: construction attributive à verbe copule | J84: milieu | K84: milieu | L84: indéterminé | M84: allocutaire(s) | N84: allocutaire(s) | O84: allocutaire(s) | P84: oui | Q84: Meta.Dome | R84: à l'intérieur | S84: ML | T84: positive
A85: 20088 | B85: DPU_BIE | C85: 2009 | D85: Débat public | E85: 1113083 | F85: 1113769 | G85: SEMBLER | H85: verbe | I85: construction attributive à verbe copule | J85: milieu | K85: milieu | L85: indéterminé | M85: objet (symbolique) | N85: objet (symbolique) | O85: objet (symbolique) | P85: non | R85: à l'intérieur | S85: ML | T85: positive
A86: 20089 | B86: DTV_SM1 | C86: 2007 | D86: Débat télévisé | E86: 633438 | F86: 633807 | G86: SEMBLER | H86: verbe | I86: parenthétique | J86: milieu | K86: milieu | L86: indéterminé | M86: indéterminable | N86: indéterminable | O86: indéterminable | P86: non | R86: à l'intérieur | S86: ML | T86: positive
A87: 20090 | B87: REU_BL2 | C87: 2017 | D87: Réunion professionnelle | E87: 1219031 | F87: 1221390 | G87: DONNER L'IMPRESSION | H87: locution verbale | I87: construction attributive à verbe copule | J87: milieu | K87: milieu | L87: indéterminé | M87: allocutaire(s) | N87: allocutaire(s) | O87: allocutaire(s) | P87: oui | Q87: Meta.Cup-Flip | R87: portée<marqueur | S87: ML | T87: positive
A88: 40001 | B88: REU_BL1 | C88: 2017 | D88: Réunion professionnelle | E88: 1107245 | F88: 1107442 | G88: SEMBLER | H88: verbe | I88: construction attributive à verbe copule | J88: début* | K88: totalité | L88: réactif/évaluatif | M88: autre | N88: autre | O88: autre | P88: non | R88: à l’intérieur | S88: ML | T88: positive
A89: 40002 | B89: DTV_SM2 | C89: 2013 | D89: Débat télévisé | E89: 2163549 | F89: 2166364 | G89: SEMBLER | H89: verbe | I89: construction attributive à verbe copule | J89: milieu | K89: fin | L89: initiatif | M89: indéterminable | N89: indéterminable | O89: indéterminable | P89: non | R89: à l’intérieur | S89: ML | T89: neutre
A90: 40003 | B90: DPU_PRE | C90: 2008 | D90: Débat public | E90: 2219858 | F90: 2220185 | G90: SEMBLER | H90: verbe | I90: parenthétique | J90: milieu | K90: milieu | L90: indéterminé | M90: allocutaire(s) | N90: allocutaire(s) | O90: autre | P90: oui | Q90: Emblem.So-What | R90: portée<marqueur | S90: ML | T90: positive
A91: 40004 | B91: REU_BM1 | C91: 2017 | D91: Réunion professionnelle | E91: 3767620 | F91: 3768190 | G91: SEMBLER | H91: verbe | I91: parenthétique | J91: totalité | K91: totalité | L91: initiatif | M91: allocutaire(s) | N91: allocutaire(s) | O91: allocutaire(s) | P91: non | R91: portée<marqueur | S91: ML | T91: positive
A92: 40005 | B92: REU_BM3 | C92: 2017 | D92: Réunion professionnelle | E92: 2142735 | F92: 2143564 | G92: SEMBLER | H92: verbe | I92: proposition complète | J92: début | K92: début | L92: réactif/évaluatif | M92: objet (symbolique) | N92: objet (symbolique) | O92: objet (symbolique) | P92: non | R92: portée<marqueur | S92: AL | T92: positive
A93: 40006 | B93: DPU_ETU | C93: 2007 | D93: Débat public | E93: 6632086 | F93: 6633701 | G93: SEMBLER | H93: verbe | I93: prédicat verbal à complément | J93: début* | K93: milieu | L93: réactif/évaluatif | M93: allocutaire(s) | N93: autre | O93: autre | P93: non | R93: marqueur>portée | S93: ML | T93: positive
A94: 40007 | B94: DPU_PRE | C94: 2008 | D94: Débat public | E94: 2373669 | F94: 2374267 | G94: SEMBLER | H94: verbe | I94: prédicat verbal à complément | J94: milieu | K94: milieu | L94: indéterminé | M94: indéterminable | N94: indéterminable | O94: autre | P94: non | R94: marqueur>portée | S94: ML | T94: positive
A95: 40008 | B95: DPU_PRE | C95: 2008 | D95: Débat public | E95: 3170756 | F95: 3171291 | G95: SEMBLER | H95: verbe | I95: prédicat verbal à complément | J95: début* | K95: milieu | L95: indéterminé | M95: indéterminable | N95: indéterminable | O95: autre | P95: non | R95: marqueur>portée | S95: ML | T95: positive
A96: 40009 | B96: DPU_PRE | C96: 2008 | D96: Débat public | E96: 3342283 | F96: 3342765 | G96: SEMBLER | H96: verbe | I96: parenthétique | J96: fin | K96: début | L96: indéterminé | M96: indéterminable | N96: indéterminable | O96: indéterminable | P96: non | R96: portée<marqueur | S96: ML | T96: positive
A97: 40010 | B97: DTV_SM1 | C97: 2007 | D97: Débat télévisé | E97: 1931702 | F97: 1932470 | G97: SEMBLER | H97: verbe | I97: prédicat verbal à complément | J97: milieu | K97: milieu | L97: indéterminé | M97: indéterminable | N97: indéterminable | O97: indéterminable | P97: non | R97: marqueur>portée | S97: ML | T97: positive
A98: 40011 | B98: REU_BL4 | C98: 2017 | D98: Réunion professionnelle | E98: 633762 | F98: 634106 | G98: SEMBLER | H98: verbe | I98: prédicat verbal à complément | J98: milieu | K98: fin | L98: initiatif | M98: objet (symbolique) | N98: objet (symbolique) | O98: objet (symbolique) | P98: non | R98: marqueur>portée | S98: ML | T98: positive
A99: 40012 | B99: REU_BM1 | C99: 2017 | D99: Réunion professionnelle | E99: 1988420 | F99: 1988946 | G99: SEMBLER | H99: verbe | I99: prédicat verbal à complément | J99: début* | K99: totalité | L99: réactif/évaluatif | M99: objet (symbolique) | N99: objet (symbolique) | O99: objet (symbolique) | P99: non | R99: marqueur>portée | S99: ML | T99: positive
A100: 40013 | B100: DPU_UDC | C100: 2007 | D100: Débat public | E100: 629169 | F100: 629696 | G100: SEMBLER | H100: verbe | I100: parenthétique | J100: milieu | K100: milieu | L100: indéterminé | M100: allocutaire(s) | N100: allocutaire(s) | O100: allocutaire(s) | P100: non | R100: à l’intérieur | S100: ML | T100: positive
...

Sheet TOKEN PAR PERS_ONTO
A1: Personnes ontologiques | B1: AVOIR L'AIR | C1: AVOIR L'IMPRESSION | D1: DONNER L'IMPRESSION | E1: PARAITRE | F1: SEMBLER | G1: APPAREMMENT | H1: EVIDEMMENT | I1: MANIFESTEMENT | J1: VISIBLEMENT | K1: TOTAL | L1: Temps de parole total personnes ontologiques | M1: avoir l'air [look like] per 10 min | N1: avoir l'impression [feel] per 10 min | O1: donner l'impression [give the impression] per 10 min | P1: paraître [appear] per 10 min | Q1: sembler [seem] per 10 min | R1: apparemment [apparently] per 10 min | S1: évidemment [obviously] per 10 min | T1: manifestement [clearly] per 10 min | U1: visiblement [visibly] per 10 min | V1: Total par 10 min
A2: CH1 | C2: 1 | E2: 6 | F2: 16 | K2: =SUM(B2:J2) -> 23 | L2: =_xlfn.XLOOKUP(Tableau3[[#This Row],[Personnes ontologiques]],'TEMPS PAROLE PERS_ONTO'!A:A,'TEMPS PAROLE PERS_ONTO'!B:B) -> 2260.48 | M2: =Tableau3[[#This Row],[AVOIR L''AIR]]/Tableau3[[#This Row],[Temps de parole total personnes ontologiques]]*600 -> 0 | N2: =Tableau3[[#This Row],[AVOIR L''IMPRESSION]]/Tableau3[[#This Row],[Temps de parole total personnes ontologiques]]*600 -> 0.26543035 | O2: =Tableau3[[#This Row],[DONNER L''IMPRESSION]]/Tableau3[[#This Row],[Temps de parole total personnes ontologiques]]*600 -> 0 | P2: =Tableau3[[#This Row],[PARAITRE]]/Tableau3[[#This Row],[Temps de parole total personnes ontologiques]]*600 -> 1.5925821 | Q2: =Tableau3[[#This Row],[SEMBLER]]/Tableau3[[#This Row],[Temps de parole total personnes ontologiques]]*600 -> 4.2468856 | R2: =Tableau3[[#This Row],[APPAREMMENT]]/Tableau3[[#This Row],[Temps de parole total personnes ontologiques]]*600 -> 0 | S2: =Tableau3[[#This Row],[EVIDEMMENT]]/Tableau3[[#This Row],[Temps de parole total personnes ontologiques]]*600 -> 0 | T2: =Tableau3[[#This Row],[MANIFESTEMENT]]/Tableau3[[#This Row],[Temps de parole total personnes ontologiques]]*600 -> 0 | U2: =Tableau3[[#This Row],[VISIBLEMENT]]/Tableau3[[#This Row],[Temps de parole total personnes ontologiques]]*600 -> 0 | V2: =SUM(Tableau3[[#This Row],[avoir l''air '[look like'] per 10 min]:[visiblement '[visibly'] per 10 min]]) -> 6.1048981 | X2: ISA = stagiaire, AC1 et suite à un téléphone pendant la réunion, elle dit : <((parle à jean)) elle t'avait apparemment elle t'avait appelé la semaine dernière> ; au total elle s'exprime 18 secondes ; intéressant // à statut et // public
A3: DOL | E3: 1 | H3: 18 | K3: =SUM(B3:J3) -> 19 | L3: =_xlfn.XLOOKUP(Tableau3[[#This Row],[Personnes ontologiques]],'TEMPS PAROLE PERS_ONTO'!A:A,'TEMPS PAROLE PERS_ONTO'!B:B) -> 1707.597 | M3: =Tableau3[[#This Row],[AVOIR L''AIR]]/Tableau3[[#This Row],[Temps de parole total personnes ontologiques]]*600 -> 0 | N3: =Tableau3[[#This Row],[AVOIR L''IMPRESSION]]/Tableau3[[#This Row],[Temps de parole total personnes ontologiques]]*600 -> 0 | O3: =Tableau3[[#This Row],[DONNER L''IMPRESSION]]/Tableau3[[#This Row],[Temps de parole total personnes ontologiques]]*600 -> 0 | P3: =Tableau3[[#This Row],[PARAITRE]]/Tableau3[[#This Row],[Temps de parole total personnes ontologiques]]*600 -> 0.35137096 | Q3: =Tableau3[[#This Row],[SEMBLER]]/Tableau3[[#This Row],[Temps de parole total personnes ontologiques]]*600 -> 0 | R3: =Tableau3[[#This Row],[APPAREMMENT]]/Tableau3[[#This Row],[Temps de parole total personnes ontologiques]]*600 -> 0 | S3: =Tableau3[[#This Row],[EVIDEMMENT]]/Tableau3[[#This Row],[Temps de parole total personnes ontologiques]]*600 -> 6.3246773 | T3: =Tableau3[[#This Row],[MANIFESTEMENT]]/Tableau3[[#This Row],[Temps de parole total personnes ontologiques]]*600 -> 0 | U3: =Tableau3[[#This Row],[VISIBLEMENT]]/Tableau3[[#This Row],[Temps de parole total personnes ontologiques]]*600 -> 0 | V3: =SUM(Tableau3[[#This Row],[avoir l''air '[look like'] per 10 min]:[visiblement '[visibly'] per 10 min]]) -> 6.6760483
A4: SAN | B4: 4 | H4: 15 | K4: =SUM(B4:J4) -> 19 | L4: =_xlfn.XLOOKUP(Tableau3[[#This Row],[Personnes ontologiques]],'TEMPS PAROLE PERS_ONTO'!A:A,'TEMPS PAROLE PERS_ONTO'!B:B) -> 1863.615 | M4: =Tableau3[[#This Row],[AVOIR L''AIR]]/Tableau3[[#This Row],[Temps de parole total personnes ontologiques]]*600 -> 1.2878196 | N4: =Tableau3[[#This Row],[AVOIR L''IMPRESSION]]/Tableau3[[#This Row],[Temps de parole total personnes ontologiques]]*600 -> 0 | O4: =Tableau3[[#This Row],[DONNER L''IMPRESSION]]/Tableau3[[#This Row],[Temps de parole total personnes ontologiques]]*600 -> 0 | P4: =Tableau3[[#This Row],[PARAITRE]]/Tableau3[[#This Row],[Temps de parole total personnes ontologiques]]*600 -> 0 | Q4: =Tableau3[[#This Row],[SEMBLER]]/Tableau3[[#This Row],[Temps de parole total personnes ontologiques]]*600 -> 0 | R4: =Tableau3[[#This Row],[APPAREMMENT]]/Tableau3[[#This Row],[Temps de parole total personnes ontologiques]]*600 -> 0 | S4: =Tableau3[[#This Row],[EVIDEMMENT]]/Tableau3[[#This Row],[Temps de parole total personnes ontologiques]]*600 -> 4.8293237 | T4: =Tableau3[[#This Row],[MANIFESTEMENT]]/Tableau3[[#This Row],[Temps de parole total personnes ontologiques]]*600 -> 0 | U4: =Tableau3[[#This Row],[VISIBLEMENT]]/Tableau3[[#This Row],[Temps de parole total personnes ontologiques]]*600 -> 0 | V4: =SUM(Tableau3[[#This Row],[avoir l''air '[look like'] per 10 min]:[visiblement '[visibly'] per 10 min]]) -> 6.1171433
A5: NA1 | E5: 3 | F5: 1 | H5: 8 | J5: 1 | K5: =SUM(B5:J5) -> 13 | L5: =_xlfn.XLOOKUP(Tableau3[[#This Row],[Personnes ontologiques]],'TEMPS PAROLE PERS_ONTO'!A:A,'TEMPS PAROLE PERS_ONTO'!B:B) -> 3740.337 | M5: =Tableau3[[#This Row],[AVOIR L''AIR]]/Tableau3[[#This Row],[Temps de parole total personnes ontologiques]]*600 -> 0 | N5: =Tableau3[[#This Row],[AVOIR L''IMPRESSION]]/Tableau3[[#This Row],[Temps de parole total personnes ontologiques]]*600 -> 0 | O5: =Tableau3[[#This Row],[DONNER L''IMPRESSION]]/Tableau3[[#This Row],[Temps de parole total personnes ontologiques]]*600 -> 0 | P5: =Tableau3[[#This Row],[PARAITRE]]/Tableau3[[#This Row],[Temps de parole total personnes ontologiques]]*600 -> 0.48124006 | Q5: =Tableau3[[#This Row],[SEMBLER]]/Tableau3[[#This Row],[Temps de parole total personnes ontologiques]]*600 -> 0.16041335 | R5: =Tableau3[[#This Row],[APPAREMMENT]]/Tableau3[[#This Row],[Temps de parole total personnes ontologiques]]*600 -> 0 | S5: =Tableau3[[#This Row],[EVIDEMMENT]]/Tableau3[[#This Row],[Temps de parole total personnes ontologiques]]*600 -> 1.2833068 | T5: =Tableau3[[#This Row],[MANIFESTEMENT]]/Tableau3[[#This Row],[Temps de parole total personnes ontologiques]]*600 -> 0 | U5: =Tableau3[[#This Row],[VISIBLEMENT]]/Tableau3[[#This Row],[Temps de parole total personnes ontologiques]]*600 -> 0.16041335 | V5: =SUM(Tableau3[[#This Row],[avoir l''air '[look like'] per 10 min]:[visiblement '[visibly'] per 10 min]]) -> 2.0853736
A6: OLR | B6: 3 | C6: 3 | E6: 1 | F6: 2 | G6: 3 | K6: =SUM(B6:J6) -> 12 | L6: =_xlfn.XLOOKUP(Tableau3[[#This Row],[Personnes ontologiques]],'TEMPS PAROLE PERS_ONTO'!A:A,'TEMPS PAROLE PERS_ONTO'!B:B) -> 1504.597 | M6: =Tableau3[[#This Row],[AVOIR L''AIR]]/Tableau3[[#This Row],[Temps de parole total personnes ontologiques]]*600 -> 1.1963336 | N6: =Tableau3[[#This Row],[AVOIR L''IMPRESSION]]/Tableau3[[#This Row],[Temps de parole total personnes ontologiques]]*600 -> 1.1963336 | O6: =Tableau3[[#This Row],[DONNER L''IMPRESSION]]/Tableau3[[#This Row],[Temps de parole total personnes ontologiques]]*600 -> 0 | P6: =Tableau3[[#This Row],[PARAITRE]]/Tableau3[[#This Row],[Temps de parole total personnes ontologiques]]*600 -> 0.39877788 | Q6: =Tableau3[[#This Row],[SEMBLER]]/Tableau3[[#This Row],[Temps de parole total personnes ontologiques]]*600 -> 0.79755576 | R6: =Tableau3[[#This Row],[APPAREMMENT]]/Tableau3[[#This Row],[Temps de parole total personnes ontologiques]]*600 -> 1.1963336 | S6: =Tableau3[[#This Row],[EVIDEMMENT]]/Tableau3[[#This Row],[Temps de parole total personnes ontologiques]]*600 -> 0 | T6: =Tableau3[[#This Row],[MANIFESTEMENT]]/Tableau3[[#This Row],[Temps de parole total personnes ontologiques]]*600 -> 0 | U6: =Tableau3[[#This Row],[VISIBLEMENT]]/Tableau3[[#This Row],[Temps de parole total personnes ontologiques]]*600 -> 0 | V6: =SUM(Tableau3[[#This Row],[avoir l''air '[look like'] per 10 min]:[visiblement '[visibly'] per 10 min]]) -> 4.7853345
A7: YVA | C7: 3 | F7: 3 | H7: 5 | J7: 1 | K7: =SUM(B7:J7) -> 12 | L7: =_xlfn.XLOOKUP(Tableau3[[#This Row],[Personnes ontologiques]],'TEMPS PAROLE PERS_ONTO'!A:A,'TEMPS PAROLE PERS_ONTO'!B:B) -> 2715.902 | M7: =Tableau3[[#This Row],[AVOIR L''AIR]]/Tableau3[[#This Row],[Temps de parole total personnes ontologiques]]*600 -> 0 | N7: =Tableau3[[#This Row],[AVOIR L''IMPRESSION]]/Tableau3[[#This Row],[Temps de parole total personnes ontologiques]]*600 -> 0.66276324 | O7: =Tableau3[[#This Row],[DONNER L''IMPRESSION]]/Tableau3[[#This Row],[Temps de parole total personnes ontologiques]]*600 -> 0 | P7: =Tableau3[[#This Row],[PARAITRE]]/Tableau3[[#This Row],[Temps de parole total personnes ontologiques]]*600 -> 0 | Q7: =Tableau3[[#This Row],[SEMBLER]]/Tableau3[[#This Row],[Temps de parole total personnes ontologiques]]*600 -> 0.66276324 | R7: =Tableau3[[#This Row],[APPAREMMENT]]/Tableau3[[#This Row],[Temps de parole total personnes ontologiques]]*600 -> 0 | S7: =Tableau3[[#This Row],[EVIDEMMENT]]/Tableau3[[#This Row],[Temps de parole total personnes ontologiques]]*600 -> 1.1046054 | T7: =Tableau3[[#This Row],[MANIFESTEMENT]]/Tableau3[[#This Row],[Temps de parole total personnes ontologiques]]*600 -> 0 | U7: =Tableau3[[#This Row],[VISIBLEMENT]]/Tableau3[[#This Row],[Temps de parole total personnes ontologiques]]*600 -> 0.22092108 | V7: =SUM(Tableau3[[#This Row],[avoir l''air '[look like'] per 10 min]:[visiblement '[visibly'] per 10 min]]) -> 2.6510529
A8: P16 | C8: 1 | F8: 10 | K8: =SUM(B8:J8) -> 11 | L8: =_xlfn.XLOOKUP(Tableau3[[#This Row],[Personnes ontologiques]],'TEMPS PAROLE PERS_ONTO'!A:A,'TEMPS PAROLE PERS_ONTO'!B:B) -> 286.621 | M8: =Tableau3[[#This Row],[AVOIR L''AIR]]/Tableau3[[#This Row],[Temps de parole total personnes ontologiques]]*600 -> 0 | N8: =Tableau3[[#This Row],[AVOIR L''IMPRESSION]]/Tableau3[[#This Row],[Temps de parole total personnes ontologiques]]*600 -> 2.0933567 | O8: =Tableau3[[#This Row],[DONNER L''IMPRESSION]]/Tableau3[[#This Row],[Temps de parole total personnes ontologiques]]*600 -> 0 | P8: =Tableau3[[#This Row],[PARAITRE]]/Tableau3[[#This Row],[Temps de parole total personnes ontologiques]]*600 -> 0 | Q8: =Tableau3[[#This Row],[SEMBLER]]/Tableau3[[#This Row],[Temps de parole total personnes ontologiques]]*600 -> 20.933567 | R8: =Tableau3[[#This Row],[APPAREMMENT]]/Tableau3[[#This Row],[Temps de parole total personnes ontologiques]]*600 -> 0 | S8: =Tableau3[[#This Row],[EVIDEMMENT]]/Tableau3[[#This Row],[Temps de parole total personnes ontologiques]]*600 -> 0 | T8: =Tableau3[[#This Row],[MANIFESTEMENT]]/Tableau3[[#This Row],[Temps de parole total personnes ontologiques]]*600 -> 0 | U8: =Tableau3[[#This Row],[VISIBLEMENT]]/Tableau3[[#This Row],[Temps de parole total personnes ontologiques]]*600 -> 0 | V8: =SUM(Tableau3[[#This Row],[avoir l''air '[look like'] per 10 min]:[visiblement '[visibly'] per 10 min]]) -> 23.026924
A9: P52 | C9: 1 | F9: 5 | H9: 2 | J9: 3 | K9: =SUM(B9:J9) -> 11 | L9: =_xlfn.XLOOKUP(Tableau3[[#This Row],[Personnes ontologiques]],'TEMPS PAROLE PERS_ONTO'!A:A,'TEMPS PAROLE PERS_ONTO'!B:B) -> 495.172 | M9: =Tableau3[[#This Row],[AVOIR L''AIR]]/Tableau3[[#This Row],[Temps de parole total personnes ontologiques]]*600 -> 0 | N9: =Tableau3[[#This Row],[AVOIR L''IMPRESSION]]/Tableau3[[#This Row],[Temps de parole total personnes ontologiques]]*600 -> 1.2117002 | O9: =Tableau3[[#This Row],[DONNER L''IMPRESSION]]/Tableau3[[#This Row],[Temps de parole total personnes ontologiques]]*600 -> 0 | P9: =Tableau3[[#This Row],[PARAITRE]]/Tableau3[[#This Row],[Temps de parole total personnes ontologiques]]*600 -> 0 | Q9: =Tableau3[[#This Row],[SEMBLER]]/Tableau3[[#This Row],[Temps de parole total personnes ontologiques]]*600 -> 6.0585009 | R9: =Tableau3[[#This Row],[APPAREMMENT]]/Tableau3[[#This Row],[Temps de parole total personnes ontologiques]]*600 -> 0 | S9: =Tableau3[[#This Row],[EVIDEMMENT]]/Tableau3[[#This Row],[Temps de parole total personnes ontologiques]]*600 -> 2.4234004 | T9: =Tableau3[[#This Row],[MANIFESTEMENT]]/Tableau3[[#This Row],[Temps de parole total personnes ontologiques]]*600 -> 0 | U9: =Tableau3[[#This Row],[VISIBLEMENT]]/Tableau3[[#This Row],[Temps de parole total personnes ontologiques]]*600 -> 3.6351005 | V9: =SUM(Tableau3[[#This Row],[avoir l''air '[look like'] per 10 min]:[visiblement '[visibly'] per 10 min]]) -> 13.328702
A10: BRI | B10: 1 | C10: 4 | F10: 2 | G10: 1 | H10: 2 | K10: =SUM(B10:J10) -> 10 | L10: =_xlfn.XLOOKUP(Tableau3[[#This Row],[Personnes ontologiques]],'TEMPS PAROLE PERS_ONTO'!A:A,'TEMPS PAROLE PERS_ONTO'!B:B) -> 1324.671 | M10: =Tableau3[[#This Row],[AVOIR L''AIR]]/Tableau3[[#This Row],[Temps de parole total personnes ontologiques]]*600 -> 0.45294266 | N10: =Tableau3[[#This Row],[AVOIR L''IMPRESSION]]/Tableau3[[#This Row],[Temps de parole total personnes ontologiques]]*600 -> 1.8117706 | O10: =Tableau3[[#This Row],[DONNER L''IMPRESSION]]/Tableau3[[#This Row],[Temps de parole total personnes ontologiques]]*600 -> 0 | P10: =Tableau3[[#This Row],[PARAITRE]]/Tableau3[[#This Row],[Temps de parole total personnes ontologiques]]*600 -> 0 | Q10: =Tableau3[[#This Row],[SEMBLER]]/Tableau3[[#This Row],[Temps de parole total personnes ontologiques]]*600 -> 0.90588531 | R10: =Tableau3[[#This Row],[APPAREMMENT]]/Tableau3[[#This Row],[Temps de parole total personnes ontologiques]]*600 -> 0.45294266 | S10: =Tableau3[[#This Row],[EVIDEMMENT]]/Tableau3[[#This Row],[Temps de parole total personnes ontologiques]]*600 -> 0.90588531 | T10: =Tableau3[[#This Row],[MANIFESTEMENT]]/Tableau3[[#This Row],[Temps de parole total personnes ontologiques]]*600 -> 0 | U10: =Tableau3[[#This Row],[VISIBLEMENT]]/Tableau3[[#This Row],[Temps de parole total personnes ontologiques]]*600 -> 0 | V10: =SUM(Tableau3[[#This Row],[avoir l''air '[look like'] per 10 min]:[visiblement '[visibly'] per 10 min]]) -> 4.5294266
A11: BOR | B11: 1 | C11: 3 | D11: 1 | E11: 3 | J11: 1 | K11: =SUM(B11:J11) -> 9 | L11: =_xlfn.XLOOKUP(Tableau3[[#This Row],[Personnes ontologiques]],'TEMPS PAROLE PERS_ONTO'!A:A,'TEMPS PAROLE PERS_ONTO'!B:B) -> 3916.654 | M11: =Tableau3[[#This Row],[AVOIR L''AIR]]/Tableau3[[#This Row],[Temps de parole total personnes ontologiques]]*600 -> 0.15319198 | N11: =Tableau3[[#This Row],[AVOIR L''IMPRESSION]]/Tableau3[[#This Row],[Temps de parole total personnes ontologiques]]*600 -> 0.45957595 | O11: =Tableau3[[#This Row],[DONNER L''IMPRESSION]]/Tableau3[[#This Row],[Temps de parole total personnes ontologiques]]*600 -> 0.15319198 | P11: =Tableau3[[#This Row],[PARAITRE]]/Tableau3[[#This Row],[Temps de parole total personnes ontologiques]]*600 -> 0.45957595 | Q11: =Tableau3[[#This Row],[SEMBLER]]/Tableau3[[#This Row],[Temps de parole total personnes ontologiques]]*600 -> 0 | R11: =Tableau3[[#This Row],[APPAREMMENT]]/Tableau3[[#This Row],[Temps de parole total personnes ontologiques]]*600 -> 0 | S11: =Tableau3[[#This Row],[EVIDEMMENT]]/Tableau3[[#This Row],[Temps de parole total personnes ontologiques]]*600 -> 0 | T11: =Tableau3[[#This Row],[MANIFESTEMENT]]/Tableau3[[#This Row],[Temps de parole total personnes ontologiques]]*600 -> 0 | U11: =Tableau3[[#This Row],[VISIBLEMENT]]/Tableau3[[#This Row],[Temps de parole total personnes ontologiques]]*600 -> 0.15319198 | V11: =SUM(Tableau3[[#This Row],[avoir l''air '[look like'] per 10 min]:[visiblement '[visibly'] per 10 min]]) -> 1.3787279
A12: FLO | C12: 3 | D12: 2 | E12: 1 | F12: 1 | K12: =SUM(B12:J12) -> 7 | L12: =_xlfn.XLOOKUP(Tableau3[[#This Row],[Personnes ontologiques]],'TEMPS PAROLE PERS_ONTO'!A:A,'TEMPS PAROLE PERS_ONTO'!B:B) -> 749.336 | M12: =Tableau3[[#This Row],[AVOIR L''AIR]]/Tableau3[[#This Row],[Temps de parole total personnes ontologiques]]*600 -> 0 | N12: =Tableau3[[#This Row],[AVOIR L''IMPRESSION]]/Tableau3[[#This Row],[Temps de parole total personnes ontologiques]]*600 -> 2.4021267 | O12: =Tableau3[[#This Row],[DONNER L''IMPRESSION]]/Tableau3[[#This Row],[Temps de parole total personnes ontologiques]]*600 -> 1.6014178 | P12: =Tableau3[[#This Row],[PARAITRE]]/Tableau3[[#This Row],[Temps de parole total personnes ontologiques]]*600 -> 0.80070889 | Q12: =Tableau3[[#This Row],[SEMBLER]]/Tableau3[[#This Row],[Temps de parole total personnes ontologiques]]*600 -> 0.80070889 | R12: =Tableau3[[#This Row],[APPAREMMENT]]/Tableau3[[#This Row],[Temps de parole total personnes ontologiques]]*600 -> 0 | S12: =Tableau3[[#This Row],[EVIDEMMENT]]/Tableau3[[#This Row],[Temps de parole total personnes ontologiques]]*600 -> 0 | T12: =Tableau3[[#This Row],[MANIFESTEMENT]]/Tableau3[[#This Row],[Temps de parole total personnes ontologiques]]*600 -> 0 | U12: =Tableau3[[#This Row],[VISIBLEMENT]]/Tableau3[[#This Row],[Temps de parole total personnes ontologiques]]*600 -> 0 | V12: =SUM(Tableau3[[#This Row],[avoir l''air '[look like'] per 10 min]:[visiblement '[visibly'] per 10 min]]) -> 5.6049623
A13: LEV | E13: 2 | F13: 3 | H13: 2 | K13: =SUM(B13:J13) -> 7 | L13: =_xlfn.XLOOKUP(Tableau3[[#This Row],[Personnes ontologiques]],'TEMPS PAROLE PERS_ONTO'!A:A,'TEMPS PAROLE PERS_ONTO'!B:B) -> 921.239 | M13: =Tableau3[[#This Row],[AVOIR L''AIR]]/Tableau3[[#This Row],[Temps de parole total personnes ontologiques]]*600 -> 0 | N13: =Tableau3[[#This Row],[AVOIR L''IMPRESSION]]/Tableau3[[#This Row],[Temps de parole total personnes ontologiques]]*600 -> 0 | O13: =Tableau3[[#This Row],[DONNER L''IMPRESSION]]/Tableau3[[#This Row],[Temps de parole total personnes ontologiques]]*600 -> 0 | P13: =Tableau3[[#This Row],[PARAITRE]]/Tableau3[[#This Row],[Temps de parole total personnes ontologiques]]*600 -> 1.3025936 | Q13: =Tableau3[[#This Row],[SEMBLER]]/Tableau3[[#This Row],[Temps de parole total personnes ontologiques]]*600 -> 1.9538904 | R13: =Tableau3[[#This Row],[APPAREMMENT]]/Tableau3[[#This Row],[Temps de parole total personnes ontologiques]]*600 -> 0 | S13: =Tableau3[[#This Row],[EVIDEMMENT]]/Tableau3[[#This Row],[Temps de parole total personnes ontologiques]]*600 -> 1.3025936 | T13: =Tableau3[[#This Row],[MANIFESTEMENT]]/Tableau3[[#This Row],[Temps de parole total personnes ontologiques]]*600 -> 0 | U13: =Tableau3[[#This Row],[VISIBLEMENT]]/Tableau3[[#This Row],[Temps de parole total personnes ontologiques]]*600 -> 0 | V13: =SUM(Tableau3[[#This Row],[avoir l''air '[look like'] per 10 min]:[visiblement '[visibly'] per 10 min]]) -> 4.5590775
A14: AN2 | F14: 3 | H14: 3 | K14: =SUM(B14:J14) -> 6 | L14: =_xlfn.XLOOKUP(Tableau3[[#This Row],[Personnes ontologiques]],'TEMPS PAROLE PERS_ONTO'!A:A,'TEMPS PAROLE PERS_ONTO'!B:B) -> 559.061 | M14: =Tableau3[[#This Row],[AVOIR L''AIR]]/Tableau3[[#This Row],[Temps de parole total personnes ontologiques]]*600 -> 0 | N14: =Tableau3[[#This Row],[AVOIR L''IMPRESSION]]/Tableau3[[#This Row],[Temps de parole total personnes ontologiques]]*600 -> 0 | O14: =Tableau3[[#This Row],[DONNER L''IMPRESSION]]/Tableau3[[#This Row],[Temps de parole total personnes ontologiques]]*600 -> 0 | P14: =Tableau3[[#This Row],[PARAITRE]]/Tableau3[[#This Row],[Temps de parole total personnes ontologiques]]*600 -> 0 | Q14: =Tableau3[[#This Row],[SEMBLER]]/Tableau3[[#This Row],[Temps de parole total personnes ontologiques]]*600 -> 3.2196844 | R14: =Tableau3[[#This Row],[APPAREMMENT]]/Tableau3[[#This Row],[Temps de parole total personnes ontologiques]]*600 -> 0 | S14: =Tableau3[[#This Row],[EVIDEMMENT]]/Tableau3[[#This Row],[Temps de parole total personnes ontologiques]]*600 -> 3.2196844 | T14: =Tableau3[[#This Row],[MANIFESTEMENT]]/Tableau3[[#This Row],[Temps de parole total personnes ontologiques]]*600 -> 0 | U14: =Tableau3[[#This Row],[VISIBLEMENT]]/Tableau3[[#This Row],[Temps de parole total personnes ontologiques]]*600 -> 0 | V14: =SUM(Tableau3[[#This Row],[avoir l''air '[look like'] per 10 min]:[visiblement '[visibly'] per 10 min]]) -> 6.4393689
A15: BL1 | F15: 3 | H15: 3 | K15: =SUM(B15:J15) -> 6 | L15: =_xlfn.XLOOKUP(Tableau3[[#This Row],[Personnes ontologiques]],'TEMPS PAROLE PERS_ONTO'!A:A,'TEMPS PAROLE PERS_ONTO'!B:B) -> 1296.232 | M15: =Tableau3[[#This Row],[AVOIR L''AIR]]/Tableau3[[#This Row],[Temps de parole total personnes ontologiques]]*600 -> 0 | N15: =Tableau3[[#This Row],[AVOIR L''IMPRESSION]]/Tableau3[[#This Row],[Temps de parole total personnes ontologiques]]*600 -> 0 | O15: =Tableau3[[#This Row],[DONNER L''IMPRESSION]]/Tableau3[[#This Row],[Temps de parole total personnes ontologiques]]*600 -> 0 | P15: =Tableau3[[#This Row],[PARAITRE]]/Tableau3[[#This Row],[Temps de parole total personnes ontologiques]]*600 -> 0 | Q15: =Tableau3[[#This Row],[SEMBLER]]/Tableau3[[#This Row],[Temps de parole total personnes ontologiques]]*600 -> 1.3886403 | R15: =Tableau3[[#This Row],[APPAREMMENT]]/Tableau3[[#This Row],[Temps de parole total personnes ontologiques]]*600 -> 0 | S15: =Tableau3[[#This Row],[EVIDEMMENT]]/Tableau3[[#This Row],[Temps de parole total personnes ontologiques]]*600 -> 1.3886403 | T15: =Tableau3[[#This Row],[MANIFESTEMENT]]/Tableau3[[#This Row],[Temps de parole total personnes ontologiques]]*600 -> 0 | U15: =Tableau3[[#This Row],[VISIBLEMENT]]/Tableau3[[#This Row],[Temps de parole total personnes ontologiques]]*600 -> 0 | V15: =SUM(Tableau3[[#This Row],[avoir l''air '[look like'] per 10 min]:[visiblement '[visibly'] per 10 min]]) -> 2.7772806
A16: LOR | B16: 1 | E16: 1 | F16: 2 | H16: 2 | K16: =SUM(B16:J16) -> 6 | L16: =_xlfn.XLOOKUP(Tableau3[[#This Row],[Personnes ontologiques]],'TEMPS PAROLE PERS_ONTO'!A:A,'TEMPS PAROLE PERS_ONTO'!B:B) -> 1557.926 | M16: =Tableau3[[#This Row],[AVOIR L''AIR]]/Tableau3[[#This Row],[Temps de parole total personnes ontologiques]]*600 -> 0.38512741 | N16: =Tableau3[[#This Row],[AVOIR L''IMPRESSION]]/Tableau3[[#This Row],[Temps de parole total personnes ontologiques]]*600 -> 0 | O16: =Tableau3[[#This Row],[DONNER L''IMPRESSION]]/Tableau3[[#This Row],[Temps de parole total personnes ontologiques]]*600 -> 0 | P16: =Tableau3[[#This Row],[PARAITRE]]/Tableau3[[#This Row],[Temps de parole total personnes ontologiques]]*600 -> 0.38512741 | Q16: =Tableau3[[#This Row],[SEMBLER]]/Tableau3[[#This Row],[Temps de parole total personnes ontologiques]]*600 -> 0.77025481 | R16: =Tableau3[[#This Row],[APPAREMMENT]]/Tableau3[[#This Row],[Temps de parole total personnes ontologiques]]*600 -> 0 | S16: =Tableau3[[#This Row],[EVIDEMMENT]]/Tableau3[[#This Row],[Temps de parole total personnes ontologiques]]*600 -> 0.77025481 | T16: =Tableau3[[#This Row],[MANIFESTEMENT]]/Tableau3[[#This Row],[Temps de parole total personnes ontologiques]]*600 -> 0 | U16: =Tableau3[[#This Row],[VISIBLEMENT]]/Tableau3[[#This Row],[Temps de parole total personnes ontologiques]]*600 -> 0 | V16: =SUM(Tableau3[[#This Row],[avoir l''air '[look like'] per 10 min]:[visiblement '[visibly'] per 10 min]]) -> 2.3107644
A17: RAP | C17: 3 | F17: 1 | G17: 1 | H17: 1 | K17: =SUM(B17:J17) -> 6 | L17: =_xlfn.XLOOKUP(Tableau3[[#This Row],[Personnes ontologiques]],'TEMPS PAROLE PERS_ONTO'!A:A,'TEMPS PAROLE PERS_ONTO'!B:B) -> 2014.831 | M17: =Tableau3[[#This Row],[AVOIR L''AIR]]/Tableau3[[#This Row],[Temps de parole total personnes ontologiques]]*600 -> 0 | N17: =Tableau3[[#This Row],[AVOIR L''IMPRESSION]]/Tableau3[[#This Row],[Temps de parole total personnes ontologiques]]*600 -> 0.89337518 | O17: =Tableau3[[#This Row],[DONNER L''IMPRESSION]]/Tableau3[[#This Row],[Temps de parole total personnes ontologiques]]*600 -> 0 | P17: =Tableau3[[#This Row],[PARAITRE]]/Tableau3[[#This Row],[Temps de parole total personnes ontologiques]]*600 -> 0 | Q17: =Tableau3[[#This Row],[SEMBLER]]/Tableau3[[#This Row],[Temps de parole total personnes ontologiques]]*600 -> 0.29779173 | R17: =Tableau3[[#This Row],[APPAREMMENT]]/Tableau3[[#This Row],[Temps de parole total personnes ontologiques]]*600 -> 0.29779173 | S17: =Tableau3[[#This Row],[EVIDEMMENT]]/Tableau3[[#This Row],[Temps de parole total personnes ontologiques]]*600 -> 0.29779173 | T17: =Tableau3[[#This Row],[MANIFESTEMENT]]/Tableau3[[#This Row],[Temps de parole total personnes ontologiques]]*600 -> 0 | U17: =Tableau3[[#This Row],[VISIBLEMENT]]/Tableau3[[#This Row],[Temps de parole total personnes ontologiques]]*600 -> 0 | V17: =SUM(Tableau3[[#This Row],[avoir l''air '[look like'] per 10 min]:[visiblement '[visibly'] per 10 min]]) -> 1.7867504
A18: BUG | H18: 5 | K18: =SUM(B18:J18) -> 5 | L18: =_xlfn.XLOOKUP(Tableau3[[#This Row],[Personnes ontologiques]],'TEMPS PAROLE PERS_ONTO'!A:A,'TEMPS PAROLE PERS_ONTO'!B:B) -> 622.932 | M18: =Tableau3[[#This Row],[AVOIR L''AIR]]/Tableau3[[#This Row],[Temps de parole total personnes ontologiques]]*600 -> 0 | N18: =Tableau3[[#This Row],[AVOIR L''IMPRESSION]]/Tableau3[[#This Row],[Temps de parole total personnes ontologiques]]*600 -> 0 | O18: =Tableau3[[#This Row],[DONNER L''IMPRESSION]]/Tableau3[[#This Row],[Temps de parole total personnes ontologiques]]*600 -> 0 | P18: =Tableau3[[#This Row],[PARAITRE]]/Tableau3[[#This Row],[Temps de parole total personnes ontologiques]]*600 -> 0 | Q18: =Tableau3[[#This Row],[SEMBLER]]/Tableau3[[#This Row],[Temps de parole total personnes ontologiques]]*600 -> 0 | R18: =Tableau3[[#This Row],[APPAREMMENT]]/Tableau3[[#This Row],[Temps de parole total personnes ontologiques]]*600 -> 0 | S18: =Tableau3[[#This Row],[EVIDEMMENT]]/Tableau3[[#This Row],[Temps de parole total personnes ontologiques]]*600 -> 4.815935 | T18: =Tableau3[[#This Row],[MANIFESTEMENT]]/Tableau3[[#This Row],[Temps de parole total personnes ontologiques]]*600 -> 0 | U18: =Tableau3[[#This Row],[VISIBLEMENT]]/Tableau3[[#This Row],[Temps de parole total personnes ontologiques]]*600 -> 0 | V18: =SUM(Tableau3[[#This Row],[avoir l''air '[look like'] per 10 min]:[visiblement '[visibly'] per 10 min]]) -> 4.815935
A19: PEL | E19: 2 | F19: 1 | H19: 2 | K19: =SUM(B19:J19) -> 5 | L19: =_xlfn.XLOOKUP(Tableau3[[#This Row],[Personnes ontologiques]],'TEMPS PAROLE PERS_ONTO'!A:A,'TEMPS PAROLE PERS_ONTO'!B:B) -> 706.592 | M19: =Tableau3[[#This Row],[AVOIR L''AIR]]/Tableau3[[#This Row],[Temps de parole total personnes ontologiques]]*600 -> 0 | N19: =Tableau3[[#This Row],[AVOIR L''IMPRESSION]]/Tableau3[[#This Row],[Temps de parole total personnes ontologiques]]*600 -> 0 | O19: =Tableau3[[#This Row],[DONNER L''IMPRESSION]]/Tableau3[[#This Row],[Temps de parole total personnes ontologiques]]*600 -> 0 | P19: =Tableau3[[#This Row],[PARAITRE]]/Tableau3[[#This Row],[Temps de parole total personnes ontologiques]]*600 -> 1.6982926 | Q19: =Tableau3[[#This Row],[SEMBLER]]/Tableau3[[#This Row],[Temps de parole total personnes ontologiques]]*600 -> 0.84914632 | R19: =Tableau3[[#This Row],[APPAREMMENT]]/Tableau3[[#This Row],[Temps de parole total personnes ontologiques]]*600 -> 0 | S19: =Tableau3[[#This Row],[EVIDEMMENT]]/Tableau3[[#This Row],[Temps de parole total personnes ontologiques]]*600 -> 1.6982926 | T19: =Tableau3[[#This Row],[MANIFESTEMENT]]/Tableau3[[#This Row],[Temps de parole total personnes ontologiques]]*600 -> 0 | U19: =Tableau3[[#This Row],[VISIBLEMENT]]/Tableau3[[#This Row],[Temps de parole total personnes ontologiques]]*600 -> 0 | V19: =SUM(Tableau3[[#This Row],[avoir l''air '[look like'] per 10 min]:[visiblement '[visibly'] per 10 min]]) -> 4.2457316
A20: ALE | E20: 1 | H20: 4 | K20: =SUM(B20:J20) -> 5 | L20: =_xlfn.XLOOKUP(Tableau3[[#This Row],[Personnes ontologiques]],'TEMPS PAROLE PERS_ONTO'!A:A,'TEMPS PAROLE PERS_ONTO'!B:B) -> 962.482 | M20: =Tableau3[[#This Row],[AVOIR L''AIR]]/Tableau3[[#This Row],[Temps de parole total personnes ontologiques]]*600 -> 0 | N20: =Tableau3[[#This Row],[AVOIR L''IMPRESSION]]/Tableau3[[#This Row],[Temps de parole total personnes ontologiques]]*600 -> 0 | O20: =Tableau3[[#This Row],[DONNER L''IMPRESSION]]/Tableau3[[#This Row],[Temps de parole total personnes ontologiques]]*600 -> 0 | P20: =Tableau3[[#This Row],[PARAITRE]]/Tableau3[[#This Row],[Temps de parole total personnes ontologiques]]*600 -> 0.62338828 | Q20: =Tableau3[[#This Row],[SEMBLER]]/Tableau3[[#This Row],[Temps de parole total personnes ontologiques]]*600 -> 0 | R20: =Tableau3[[#This Row],[APPAREMMENT]]/Tableau3[[#This Row],[Temps de parole total personnes ontologiques]]*600 -> 0 | S20: =Tableau3[[#This Row],[EVIDEMMENT]]/Tableau3[[#This Row],[Temps de parole total personnes ontologiques]]*600 -> 2.4935531 | T20: =Tableau3[[#This Row],[MANIFESTEMENT]]/Tableau3[[#This Row],[Temps de parole total personnes ontologiques]]*600 -> 0 | U20: =Tableau3[[#This Row],[VISIBLEMENT]]/Tableau3[[#This Row],[Temps de parole total personnes ontologiques]]*600 -> 0 | V20: =SUM(Tableau3[[#This Row],[avoir l''air '[look like'] per 10 min]:[visiblement '[visibly'] per 10 min]]) -> 3.1169414
A21: DEL | F21: 2 | H21: 2 | I21: 1 | K21: =SUM(B21:J21) -> 5 | L21: =_xlfn.XLOOKUP(Tableau3[[#This Row],[Personnes ontologiques]],'TEMPS PAROLE PERS_ONTO'!A:A,'TEMPS PAROLE PERS_ONTO'!B:B) -> 1015.734 | M21: =Tableau3[[#This Row],[AVOIR L''AIR]]/Tableau3[[#This Row],[Temps de parole total personnes ontologiques]]*600 -> 0 | N21: =Tableau3[[#This Row],[AVOIR L''IMPRESSION]]/Tableau3[[#This Row],[Temps de parole total personnes ontologiques]]*600 -> 0 | O21: =Tableau3[[#This Row],[DONNER L''IMPRESSION]]/Tableau3[[#This Row],[Temps de parole total personnes ontologiques]]*600 -> 0 | P21: =Tableau3[[#This Row],[PARAITRE]]/Tableau3[[#This Row],[Temps de parole total personnes ontologiques]]*600 -> 0 | Q21: =Tableau3[[#This Row],[SEMBLER]]/Tableau3[[#This Row],[Temps de parole total personnes ontologiques]]*600 -> 1.1814117 | R21: =Tableau3[[#This Row],[APPAREMMENT]]/Tableau3[[#This Row],[Temps de parole total personnes ontologiques]]*600 -> 0 | S21: =Tableau3[[#This Row],[EVIDEMMENT]]/Tableau3[[#This Row],[Temps de parole total personnes ontologiques]]*600 -> 1.1814117 | T21: =Tableau3[[#This Row],[MANIFESTEMENT]]/Tableau3[[#This Row],[Temps de parole total personnes ontologiques]]*600 -> 0.59070583 | U21: =Tableau3[[#This Row],[VISIBLEMENT]]/Tableau3[[#This Row],[Temps de parole total personnes ontologiques]]*600 -> 0 | V21: =SUM(Tableau3[[#This Row],[avoir l''air '[look like'] per 10 min]:[visiblement '[visibly'] per 10 min]]) -> 2.9535292
A22: SAL | F22: 5 | K22: =SUM(B22:J22) -> 5 | L22: =_xlfn.XLOOKUP(Tableau3[[#This Row],[Personnes ontologiques]],'TEMPS PAROLE PERS_ONTO'!A:A,'TEMPS PAROLE PERS_ONTO'!B:B) -> 1503.862 | M22: =Tableau3[[#This Row],[AVOIR L''AIR]]/Tableau3[[#This Row],[Temps de parole total personnes ontologiques]]*600 -> 0 | N22: =Tableau3[[#This Row],[AVOIR L''IMPRESSION]]/Tableau3[[#This Row],[Temps de parole total personnes ontologiques]]*600 -> 0 | O22: =Tableau3[[#This Row],[DONNER L''IMPRESSION]]/Tableau3[[#This Row],[Temps de parole total personnes ontologiques]]*600 -> 0 | P22: =Tableau3[[#This Row],[PARAITRE]]/Tableau3[[#This Row],[Temps de parole total personnes ontologiques]]*600 -> 0 | Q22: =Tableau3[[#This Row],[SEMBLER]]/Tableau3[[#This Row],[Temps de parole total personnes ontologiques]]*600 -> 1.9948639 | R22: =Tableau3[[#This Row],[APPAREMMENT]]/Tableau3[[#This Row],[Temps de parole total personnes ontologiques]]*600 -> 0 | S22: =Tableau3[[#This Row],[EVIDEMMENT]]/Tableau3[[#This Row],[Temps de parole total personnes ontologiques]]*600 -> 0 | T22: =Tableau3[[#This Row],[MANIFESTEMENT]]/Tableau3[[#This Row],[Temps de parole total personnes ontologiques]]*600 -> 0 | U22: =Tableau3[[#This Row],[VISIBLEMENT]]/Tableau3[[#This Row],[Temps de parole total personnes ontologiques]]*600 -> 0 | V22: =SUM(Tableau3[[#This Row],[avoir l''air '[look like'] per 10 min]:[visiblement '[visibly'] per 10 min]]) -> 1.9948639
A23: MIC | C23: 2 | F23: 3 | K23: =SUM(B23:J23) -> 5 | L23: =_xlfn.XLOOKUP(Tableau3[[#This Row],[Personnes ontologiques]],'TEMPS PAROLE PERS_ONTO'!A:A,'TEMPS PAROLE PERS_ONTO'!B:B) -> 4526.901 | M23: =Tableau3[[#This Row],[AVOIR L''AIR]]/Tableau3[[#This Row],[Temps de parole total personnes ontologiques]]*600 -> 0 | N23: =Tableau3[[#This Row],[AVOIR L''IMPRESSION]]/Tableau3[[#This Row],[Temps de parole total personnes ontologiques]]*600 -> 0.26508201 | O23: =Tableau3[[#This Row],[DONNER L''IMPRESSION]]/Tableau3[[#This Row],[Temps de parole total personnes ontologiques]]*600 -> 0 | P23: =Tableau3[[#This Row],[PARAITRE]]/Tableau3[[#This Row],[Temps de parole total personnes ontologiques]]*600 -> 0 | Q23: =Tableau3[[#This Row],[SEMBLER]]/Tableau3[[#This Row],[Temps de parole total personnes ontologiques]]*600 -> 0.39762301 | R23: =Tableau3[[#This Row],[APPAREMMENT]]/Tableau3[[#This Row],[Temps de parole total personnes ontologiques]]*600 -> 0 | S23: =Tableau3[[#This Row],[EVIDEMMENT]]/Tableau3[[#This Row],[Temps de parole total personnes ontologiques]]*600 -> 0 | T23: =Tableau3[[#This Row],[MANIFESTEMENT]]/Tableau3[[#This Row],[Temps de parole total personnes ontologiques]]*600 -> 0 | U23: =Tableau3[[#This Row],[VISIBLEMENT]]/Tableau3[[#This Row],[Temps de parole total personnes ontologiques]]*600 -> 0 | V23: =SUM(Tableau3[[#This Row],[avoir l''air '[look like'] per 10 min]:[visiblement '[visibly'] per 10 min]]) -> 0.66270502
A24: LAT | F24: 1 | H24: 3 | K24: =SUM(B24:J24) -> 4 | L24: =_xlfn.XLOOKUP(Tableau3[[#This Row],[Personnes ontologiques]],'TEMPS PAROLE PERS_ONTO'!A:A,'TEMPS PAROLE PERS_ONTO'!B:B) -> 250.108 | M24: =Tableau3[[#This Row],[AVOIR L''AIR]]/Tableau3[[#This Row],[Temps de parole total personnes ontologiques]]*600 -> 0 | N24: =Tableau3[[#This Row],[AVOIR L''IMPRESSION]]/Tableau3[[#This Row],[Temps de parole total personnes ontologiques]]*600 -> 0 | O24: =Tableau3[[#This Row],[DONNER L''IMPRESSION]]/Tableau3[[#This Row],[Temps de parole total personnes ontologiques]]*600 -> 0 | P24: =Tableau3[[#This Row],[PARAITRE]]/Tableau3[[#This Row],[Temps de parole total personnes ontologiques]]*600 -> 0 | Q24: =Tableau3[[#This Row],[SEMBLER]]/Tableau3[[#This Row],[Temps de parole total personnes ontologiques]]*600 -> 2.3989636 | R24: =Tableau3[[#This Row],[APPAREMMENT]]/Tableau3[[#This Row],[Temps de parole total personnes ontologiques]]*600 -> 0 | S24: =Tableau3[[#This Row],[EVIDEMMENT]]/Tableau3[[#This Row],[Temps de parole total personnes ontologiques]]*600 -> 7.1968909 | T24: =Tableau3[[#This Row],[MANIFESTEMENT]]/Tableau3[[#This Row],[Temps de parole total personnes ontologiques]]*600 -> 0 | U24: =Tableau3[[#This Row],[VISIBLEMENT]]/Tableau3[[#This Row],[Temps de parole total personnes ontologiques]]*600 -> 0 | V24: =SUM(Tableau3[[#This Row],[avoir l''air '[look like'] per 10 min]:[visiblement '[visibly'] per 10 min]]) -> 9.5958546
A25: FRI | C25: 1 | F25: 2 | G25: 1 | K25: =SUM(B25:J25) -> 4 | L25: =_xlfn.XLOOKUP(Tableau3[[#This Row],[Personnes ontologiques]],'TEMPS PAROLE PERS_ONTO'!A:A,'TEMPS PAROLE PERS_ONTO'!B:B) -> 359.832 | M25: =Tableau3[[#This Row],[AVOIR L''AIR]]/Tableau3[[#This Row],[Temps de parole total personnes ontologiques]]*600 -> 0 | N25: =Tableau3[[#This Row],[AVOIR L''IMPRESSION]]/Tableau3[[#This Row],[Temps de parole total personnes ontologiques]]*600 -> 1.6674448 | O25: =Tableau3[[#This Row],[DONNER L''IMPRESSION]]/Tableau3[[#This Row],[Temps de parole total personnes ontologiques]]*600 -> 0 | P25: =Tableau3[[#This Row],[PARAITRE]]/Tableau3[[#This Row],[Temps de parole total personnes ontologiques]]*600 -> 0 | Q25: =Tableau3[[#This Row],[SEMBLER]]/Tableau3[[#This Row],[Temps de parole total personnes ontologiques]]*600 -> 3.3348896 | R25: =Tableau3[[#This Row],[APPAREMMENT]]/Tableau3[[#This Row],[Temps de parole total personnes ontologiques]]*600 -> 1.6674448 | S25: =Tableau3[[#This Row],[EVIDEMMENT]]/Tableau3[[#This Row],[Temps de parole total personnes ontologiques]]*600 -> 0 | T25: =Tableau3[[#This Row],[MANIFESTEMENT]]/Tableau3[[#This Row],[Temps de parole total personnes ontologiques]]*600 -> 0 | U25: =Tableau3[[#This Row],[VISIBLEMENT]]/Tableau3[[#This Row],[Temps de parole total personnes ontologiques]]*600 -> 0 | V25: =SUM(Tableau3[[#This Row],[avoir l''air '[look like'] per 10 min]:[visiblement '[visibly'] per 10 min]]) -> 6.6697792
A26: ANT | H26: 4 | K26: =SUM(B26:J26) -> 4 | L26: =_xlfn.XLOOKUP(Tableau3[[#This Row],[Personnes ontologiques]],'TEMPS PAROLE PERS_ONTO'!A:A,'TEMPS PAROLE PERS_ONTO'!B:B) -> 464.117 | M26: =Tableau3[[#This Row],[AVOIR L''AIR]]/Tableau3[[#This Row],[Temps de parole total personnes ontologiques]]*600 -> 0 | N26: =Tableau3[[#This Row],[AVOIR L''IMPRESSION]]/Tableau3[[#This Row],[Temps de parole total personnes ontologiques]]*600 -> 0 | O26: =Tableau3[[#This Row],[DONNER L''IMPRESSION]]/Tableau3[[#This Row],[Temps de parole total personnes ontologiques]]*600 -> 0 | P26: =Tableau3[[#This Row],[PARAITRE]]/Tableau3[[#This Row],[Temps de parole total personnes ontologiques]]*600 -> 0 | Q26: =Tableau3[[#This Row],[SEMBLER]]/Tableau3[[#This Row],[Temps de parole total personnes ontologiques]]*600 -> 0 | R26: =Tableau3[[#This Row],[APPAREMMENT]]/Tableau3[[#This Row],[Temps de parole total personnes ontologiques]]*600 -> 0 | S26: =Tableau3[[#This Row],[EVIDEMMENT]]/Tableau3[[#This Row],[Temps de parole total personnes ontologiques]]*600 -> 5.1711099 | T26: =Tableau3[[#This Row],[MANIFESTEMENT]]/Tableau3[[#This Row],[Temps de parole total personnes ontologiques]]*600 -> 0 | U26: =Tableau3[[#This Row],[VISIBLEMENT]]/Tableau3[[#This Row],[Temps de parole total personnes ontologiques]]*600 -> 0 | V26: =SUM(Tableau3[[#This Row],[avoir l''air '[look like'] per 10 min]:[visiblement '[visibly'] per 10 min]]) -> 5.1711099
A27: P32 | H27: 4 | K27: =SUM(B27:J27) -> 4 | L27: =_xlfn.XLOOKUP(Tableau3[[#This Row],[Personnes ontologiques]],'TEMPS PAROLE PERS_ONTO'!A:A,'TEMPS PAROLE PERS_ONTO'!B:B) -> 485.637 | M27: =Tableau3[[#This Row],[AVOIR L''AIR]]/Tableau3[[#This Row],[Temps de parole total personnes ontologiques]]*600 -> 0 | N27: =Tableau3[[#This Row],[AVOIR L''IMPRESSION]]/Tableau3[[#This Row],[Temps de parole total personnes ontologiques]]*600 -> 0 | O27: =Tableau3[[#This Row],[DONNER L''IMPRESSION]]/Tableau3[[#This Row],[Temps de parole total personnes ontologiques]]*600 -> 0 | P27: =Tableau3[[#This Row],[PARAITRE]]/Tableau3[[#This Row],[Temps de parole total personnes ontologiques]]*600 -> 0 | Q27: =Tableau3[[#This Row],[SEMBLER]]/Tableau3[[#This Row],[Temps de parole total personnes ontologiques]]*600 -> 0 | R27: =Tableau3[[#This Row],[APPAREMMENT]]/Tableau3[[#This Row],[Temps de parole total personnes ontologiques]]*600 -> 0 | S27: =Tableau3[[#This Row],[EVIDEMMENT]]/Tableau3[[#This Row],[Temps de parole total personnes ontologiques]]*600 -> 4.9419628 | T27: =Tableau3[[#This Row],[MANIFESTEMENT]]/Tableau3[[#This Row],[Temps de parole total personnes ontologiques]]*600 -> 0 | U27: =Tableau3[[#This Row],[VISIBLEMENT]]/Tableau3[[#This Row],[Temps de parole total personnes ontologiques]]*600 -> 0 | V27: =SUM(Tableau3[[#This Row],[avoir l''air '[look like'] per 10 min]:[visiblement '[visibly'] per 10 min]]) -> 4.9419628
A28: BEN | F28: 3 | H28: 1 | K28: =SUM(B28:J28) -> 4 | L28: =_xlfn.XLOOKUP(Tableau3[[#This Row],[Personnes ontologiques]],'TEMPS PAROLE PERS_ONTO'!A:A,'TEMPS PAROLE PERS_ONTO'!B:B) -> 661.135 | M28: =Tableau3[[#This Row],[AVOIR L''AIR]]/Tableau3[[#This Row],[Temps de parole total personnes ontologiques]]*600 -> 0 | N28: =Tableau3[[#This Row],[AVOIR L''IMPRESSION]]/Tableau3[[#This Row],[Temps de parole total personnes ontologiques]]*600 -> 0 | O28: =Tableau3[[#This Row],[DONNER L''IMPRESSION]]/Tableau3[[#This Row],[Temps de parole total personnes ontologiques]]*600 -> 0 | P28: =Tableau3[[#This Row],[PARAITRE]]/Tableau3[[#This Row],[Temps de parole total personnes ontologiques]]*600 -> 0 | Q28: =Tableau3[[#This Row],[SEMBLER]]/Tableau3[[#This Row],[Temps de parole total personnes ontologiques]]*600 -> 2.7225907 | R28: =Tableau3[[#This Row],[APPAREMMENT]]/Tableau3[[#This Row],[Temps de parole total personnes ontologiques]]*600 -> 0 | S28: =Tableau3[[#This Row],[EVIDEMMENT]]/Tableau3[[#This Row],[Temps de parole total personnes ontologiques]]*600 -> 0.90753023 | T28: =Tableau3[[#This Row],[MANIFESTEMENT]]/Tableau3[[#This Row],[Temps de parole total personnes ontologiques]]*600 -> 0 | U28: =Tableau3[[#This Row],[VISIBLEMENT]]/Tableau3[[#This Row],[Temps de parole total personnes ontologiques]]*600 -> 0 | V28: =SUM(Tableau3[[#This Row],[avoir l''air '[look like'] per 10 min]:[visiblement '[visibly'] per 10 min]]) -> 3.6301209
A29: MAI | F29: 1 | H29: 1 | I29: 2 | K29: =SUM(B29:J29) -> 4 | L29: =_xlfn.XLOOKUP(Tableau3[[#This Row],[Personnes ontologiques]],'TEMPS PAROLE PERS_ONTO'!A:A,'TEMPS PAROLE PERS_ONTO'!B:B) -> 753.907 | M29: =Tableau3[[#This Row],[AVOIR L''AIR]]/Tableau3[[#This Row],[Temps de parole total personnes ontologiques]]*600 -> 0 | N29: =Tableau3[[#This Row],[AVOIR L''IMPRESSION]]/Tableau3[[#This Row],[Temps de parole total personnes ontologiques]]*600 -> 0 | O29: =Tableau3[[#This Row],[DONNER L''IMPRESSION]]/Tableau3[[#This Row],[Temps de parole total personnes ontologiques]]*600 -> 0 | P29: =Tableau3[[#This Row],[PARAITRE]]/Tableau3[[#This Row],[Temps de parole total personnes ontologiques]]*600 -> 0 | Q29: =Tableau3[[#This Row],[SEMBLER]]/Tableau3[[#This Row],[Temps de parole total personnes ontologiques]]*600 -> 0.79585413 | R29: =Tableau3[[#This Row],[APPAREMMENT]]/Tableau3[[#This Row],[Temps de parole total personnes ontologiques]]*600 -> 0 | S29: =Tableau3[[#This Row],[EVIDEMMENT]]/Tableau3[[#This Row],[Temps de parole total personnes ontologiques]]*600 -> 0.79585413 | T29: =Tableau3[[#This Row],[MANIFESTEMENT]]/Tableau3[[#This Row],[Temps de parole total personnes ontologiques]]*600 -> 1.5917083 | U29: =Tableau3[[#This Row],[VISIBLEMENT]]/Tableau3[[#This Row],[Temps de parole total personnes ontologiques]]*600 -> 0 | V29: =SUM(Tableau3[[#This Row],[avoir l''air '[look like'] per 10 min]:[visiblement '[visibly'] per 10 min]]) -> 3.1834165
A30: RSI | H30: 4 | K30: =SUM(B30:J30) -> 4 | L30: =_xlfn.XLOOKUP(Tableau3[[#This Row],[Personnes ontologiques]],'TEMPS PAROLE PERS_ONTO'!A:A,'TEMPS PAROLE PERS_ONTO'!B:B) -> 764.229 | M30: =Tableau3[[#This Row],[AVOIR L''AIR]]/Tableau3[[#This Row],[Temps de parole total personnes ontologiques]]*600 -> 0 | N30: =Tableau3[[#This Row],[AVOIR L''IMPRESSION]]/Tableau3[[#This Row],[Temps de parole total personnes ontologiques]]*600 -> 0 | O30: =Tableau3[[#This Row],[DONNER L''IMPRESSION]]/Tableau3[[#This Row],[Temps de parole total personnes ontologiques]]*600 -> 0 | P30: =Tableau3[[#This Row],[PARAITRE]]/Tableau3[[#This Row],[Temps de parole total personnes ontologiques]]*600 -> 0 | Q30: =Tableau3[[#This Row],[SEMBLER]]/Tableau3[[#This Row],[Temps de parole total personnes ontologiques]]*600 -> 0 | R30: =Tableau3[[#This Row],[APPAREMMENT]]/Tableau3[[#This Row],[Temps de parole total personnes ontologiques]]*600 -> 0 | S30: =Tableau3[[#This Row],[EVIDEMMENT]]/Tableau3[[#This Row],[Temps de parole total personnes ontologiques]]*600 -> 3.14042 | T30: =Tableau3[[#This Row],[MANIFESTEMENT]]/Tableau3[[#This Row],[Temps de parole total personnes ontologiques]]*600 -> 0 | U30: =Tableau3[[#This Row],[VISIBLEMENT]]/Tableau3[[#This Row],[Temps de parole total personnes ontologiques]]*600 -> 0 | V30: =SUM(Tableau3[[#This Row],[avoir l''air '[look like'] per 10 min]:[visiblement '[visibly'] per 10 min]]) -> 3.14042
A31: SEB | F31: 2 | G31: 1 | H31: 1 | K31: =SUM(B31:J31) -> 4 | L31: =_xlfn.XLOOKUP(Tableau3[[#This Row],[Personnes ontologiques]],'TEMPS PAROLE PERS_ONTO'!A:A,'TEMPS PAROLE PERS_ONTO'!B:B) -> 1187.326 | M31: =Tableau3[[#This Row],[AVOIR L''AIR]]/Tableau3[[#This Row],[Temps de parole total personnes ontologiques]]*600 -> 0 | N31: =Tableau3[[#This Row],[AVOIR L''IMPRESSION]]/Tableau3[[#This Row],[Temps de parole total personnes ontologiques]]*600 -> 0 | O31: =Tableau3[[#This Row],[DONNER L''IMPRESSION]]/Tableau3[[#This Row],[Temps de parole total personnes ontologiques]]*600 -> 0 | P31: =Tableau3[[#This Row],[PARAITRE]]/Tableau3[[#This Row],[Temps de parole total personnes ontologiques]]*600 -> 0 | Q31: =Tableau3[[#This Row],[SEMBLER]]/Tableau3[[#This Row],[Temps de parole total personnes ontologiques]]*600 -> 1.0106744 | R31: =Tableau3[[#This Row],[APPAREMMENT]]/Tableau3[[#This Row],[Temps de parole total personnes ontologiques]]*600 -> 0.5053372 | S31: =Tableau3[[#This Row],[EVIDEMMENT]]/Tableau3[[#This Row],[Temps de parole total personnes ontologiques]]*600 -> 0.5053372 | T31: =Tableau3[[#This Row],[MANIFESTEMENT]]/Tableau3[[#This Row],[Temps de parole total personnes ontologiques]]*600 -> 0 | U31: =Tableau3[[#This Row],[VISIBLEMENT]]/Tableau3[[#This Row],[Temps de parole total personnes ontologiques]]*600 -> 0 | V31: =SUM(Tableau3[[#This Row],[avoir l''air '[look like'] per 10 min]:[visiblement '[visibly'] per 10 min]]) -> 2.0213488
A32: ROG | C32: 1 | D32: 1 | F32: 2 | K32: =SUM(B32:J32) -> 4 | L32: =_xlfn.XLOOKUP(Tableau3[[#This Row],[Personnes ontologiques]],'TEMPS PAROLE PERS_ONTO'!A:A,'TEMPS PAROLE PERS_ONTO'!B:B) -> 3497.695 | M32: =Tableau3[[#This Row],[AVOIR L''AIR]]/Tableau3[[#This Row],[Temps de parole total personnes ontologiques]]*600 -> 0 | N32: =Tableau3[[#This Row],[AVOIR L''IMPRESSION]]/Tableau3[[#This Row],[Temps de parole total personnes ontologiques]]*600 -> 0.17154154 | O32: =Tableau3[[#This Row],[DONNER L''IMPRESSION]]/Tableau3[[#This Row],[Temps de parole total personnes ontologiques]]*600 -> 0.17154154 | P32: =Tableau3[[#This Row],[PARAITRE]]/Tableau3[[#This Row],[Temps de parole total personnes ontologiques]]*600 -> 0 | Q32: =Tableau3[[#This Row],[SEMBLER]]/Tableau3[[#This Row],[Temps de parole total personnes ontologiques]]*600 -> 0.34308309 | R32: =Tableau3[[#This Row],[APPAREMMENT]]/Tableau3[[#This Row],[Temps de parole total personnes ontologiques]]*600 -> 0 | S32: =Tableau3[[#This Row],[EVIDEMMENT]]/Tableau3[[#This Row],[Temps de parole total personnes ontologiques]]*600 -> 0 | T32: =Tableau3[[#This Row],[MANIFESTEMENT]]/Tableau3[[#This Row],[Temps de parole total personnes ontologiques]]*600 -> 0 | U32: =Tableau3[[#This Row],[VISIBLEMENT]]/Tableau3[[#This Row],[Temps de parole total personnes ontologiques]]*600 -> 0 | V32: =SUM(Tableau3[[#This Row],[avoir l''air '[look like'] per 10 min]:[visiblement '[visibly'] per 10 min]]) -> 0.68616618
A33: P01 | C33: 2 | H33: 1 | K33: =SUM(B33:J33) -> 3 | L33: =_xlfn.XLOOKUP(Tableau3[[#This Row],[Personnes ontologiques]],'TEMPS PAROLE PERS_ONTO'!A:A,'TEMPS PAROLE PERS_ONTO'!B:B) -> 86.606 | M33: =Tableau3[[#This Row],[AVOIR L''AIR]]/Tableau3[[#This Row],[Temps de parole total personnes ontologiques]]*600 -> 0 | N33: =Tableau3[[#This Row],[AVOIR L''IMPRESSION]]/Tableau3[[#This Row],[Temps de parole total personnes ontologiques]]*600 -> 13.855853 | O33: =Tableau3[[#This Row],[DONNER L''IMPRESSION]]/Tableau3[[#This Row],[Temps de parole total personnes ontologiques]]*600 -> 0 | P33: =Tableau3[[#This Row],[PARAITRE]]/Tableau3[[#This Row],[Temps de parole total personnes ontologiques]]*600 -> 0 | Q33: =Tableau3[[#This Row],[SEMBLER]]/Tableau3[[#This Row],[Temps de parole total personnes ontologiques]]*600 -> 0 | R33: =Tableau3[[#This Row],[APPAREMMENT]]/Tableau3[[#This Row],[Temps de parole total personnes ontologiques]]*600 -> 0 | S33: =Tableau3[[#This Row],[EVIDEMMENT]]/Tableau3[[#This Row],[Temps de parole total personnes ontologiques]]*600 -> 6.9279265 | T33: =Tableau3[[#This Row],[MANIFESTEMENT]]/Tableau3[[#This Row],[Temps de parole total personnes ontologiques]]*600 -> 0 | U33: =Tableau3[[#This Row],[VISIBLEMENT]]/Tableau3[[#This Row],[Temps de parole total personnes ontologiques]]*600 -> 0 | V33: =SUM(Tableau3[[#This Row],[avoir l''air '[look like'] per 10 min]:[visiblement '[visibly'] per 10 min]]) -> 20.783779
A34: KOP | C34: 1 | F34: 2 | K34: =SUM(B34:J34) -> 3 | L34: =_xlfn.XLOOKUP(Tableau3[[#This Row],[Personnes ontologiques]],'TEMPS PAROLE PERS_ONTO'!A:A,'TEMPS PAROLE PERS_ONTO'!B:B) -> 89.927 | M34: =Tableau3[[#This Row],[AVOIR L''AIR]]/Tableau3[[#This Row],[Temps de parole total personnes ontologiques]]*600 -> 0 | N34: =Tableau3[[#This Row],[AVOIR L''IMPRESSION]]/Tableau3[[#This Row],[Temps de parole total personnes ontologiques]]*600 -> 6.6720785 | O34: =Tableau3[[#This Row],[DONNER L''IMPRESSION]]/Tableau3[[#This Row],[Temps de parole total personnes ontologiques]]*600 -> 0 | P34: =Tableau3[[#This Row],[PARAITRE]]/Tableau3[[#This Row],[Temps de parole total personnes ontologiques]]*600 -> 0 | Q34: =Tableau3[[#This Row],[SEMBLER]]/Tableau3[[#This Row],[Temps de parole total personnes ontologiques]]*600 -> 13.344157 | R34: =Tableau3[[#This Row],[APPAREMMENT]]/Tableau3[[#This Row],[Temps de parole total personnes ontologiques]]*600 -> 0 | S34: =Tableau3[[#This Row],[EVIDEMMENT]]/Tableau3[[#This Row],[Temps de parole total personnes ontologiques]]*600 -> 0 | T34: =Tableau3[[#This Row],[MANIFESTEMENT]]/Tableau3[[#This Row],[Temps de parole total personnes ontologiques]]*600 -> 0 | U34: =Tableau3[[#This Row],[VISIBLEMENT]]/Tableau3[[#This Row],[Temps de parole total personnes ontologiques]]*600 -> 0 | V34: =SUM(Tableau3[[#This Row],[avoir l''air '[look like'] per 10 min]:[visiblement '[visibly'] per 10 min]]) -> 20.016235
A35: P21 | F35: 3 | K35: =SUM(B35:J35) -> 3 | L35: =_xlfn.XLOOKUP(Tableau3[[#This Row],[Personnes ontologiques]],'TEMPS PAROLE PERS_ONTO'!A:A,'TEMPS PAROLE PERS_ONTO'!B:B) -> 169.217 | M35: =Tableau3[[#This Row],[AVOIR L''AIR]]/Tableau3[[#This Row],[Temps de parole total personnes ontologiques]]*600 -> 0 | N35: =Tableau3[[#This Row],[AVOIR L''IMPRESSION]]/Tableau3[[#This Row],[Temps de parole total personnes ontologiques]]*600 -> 0 | O35: =Tableau3[[#This Row],[DONNER L''IMPRESSION]]/Tableau3[[#This Row],[Temps de parole total personnes ontologiques]]*600 -> 0 | P35: =Tableau3[[#This Row],[PARAITRE]]/Tableau3[[#This Row],[Temps de parole total personnes ontologiques]]*600 -> 0 | Q35: =Tableau3[[#This Row],[SEMBLER]]/Tableau3[[#This Row],[Temps de parole total personnes ontologiques]]*600 -> 10.637229 | R35: =Tableau3[[#This Row],[APPAREMMENT]]/Tableau3[[#This Row],[Temps de parole total personnes ontologiques]]*600 -> 0 | S35: =Tableau3[[#This Row],[EVIDEMMENT]]/Tableau3[[#This Row],[Temps de parole total personnes ontologiques]]*600 -> 0 | T35: =Tableau3[[#This Row],[MANIFESTEMENT]]/Tableau3[[#This Row],[Temps de parole total personnes ontologiques]]*600 -> 0 | U35: =Tableau3[[#This Row],[VISIBLEMENT]]/Tableau3[[#This Row],[Temps de parole total personnes ontologiques]]*600 -> 0 | V35: =SUM(Tableau3[[#This Row],[avoir l''air '[look like'] per 10 min]:[visiblement '[visibly'] per 10 min]]) -> 10.637229
A36: NID | H36: 3 | K36: =SUM(B36:J36) -> 3 | L36: =_xlfn.XLOOKUP(Tableau3[[#This Row],[Personnes ontologiques]],'TEMPS PAROLE PERS_ONTO'!A:A,'TEMPS PAROLE PERS_ONTO'!B:B) -> 255.329 | M36: =Tableau3[[#This Row],[AVOIR L''AIR]]/Tableau3[[#This Row],[Temps de parole total personnes ontologiques]]*600 -> 0 | N36: =Tableau3[[#This Row],[AVOIR L''IMPRESSION]]/Tableau3[[#This Row],[Temps de parole total personnes ontologiques]]*600 -> 0 | O36: =Tableau3[[#This Row],[DONNER L''IMPRESSION]]/Tableau3[[#This Row],[Temps de parole total personnes ontologiques]]*600 -> 0 | P36: =Tableau3[[#This Row],[PARAITRE]]/Tableau3[[#This Row],[Temps de parole total personnes ontologiques]]*600 -> 0 | Q36: =Tableau3[[#This Row],[SEMBLER]]/Tableau3[[#This Row],[Temps de parole total personnes ontologiques]]*600 -> 0 | R36: =Tableau3[[#This Row],[APPAREMMENT]]/Tableau3[[#This Row],[Temps de parole total personnes ontologiques]]*600 -> 0 | S36: =Tableau3[[#This Row],[EVIDEMMENT]]/Tableau3[[#This Row],[Temps de parole total personnes ontologiques]]*600 -> 7.049728 | T36: =Tableau3[[#This Row],[MANIFESTEMENT]]/Tableau3[[#This Row],[Temps de parole total personnes ontologiques]]*600 -> 0 | U36: =Tableau3[[#This Row],[VISIBLEMENT]]/Tableau3[[#This Row],[Temps de parole total personnes ontologiques]]*600 -> 0 | V36: =SUM(Tableau3[[#This Row],[avoir l''air '[look like'] per 10 min]:[visiblement '[visibly'] per 10 min]]) -> 7.049728
A37: NOR | B37: 1 | H37: 2 | K37: =SUM(B37:J37) -> 3 | L37: =_xlfn.XLOOKUP(Tableau3[[#This Row],[Personnes ontologiques]],'TEMPS PAROLE PERS_ONTO'!A:A,'TEMPS PAROLE PERS_ONTO'!B:B) -> 574.389 | M37: =Tableau3[[#This Row],[AVOIR L''AIR]]/Tableau3[[#This Row],[Temps de parole total personnes ontologiques]]*600 -> 1.0445882 | N37: =Tableau3[[#This Row],[AVOIR L''IMPRESSION]]/Tableau3[[#This Row],[Temps de parole total personnes ontologiques]]*600 -> 0 | O37: =Tableau3[[#This Row],[DONNER L''IMPRESSION]]/Tableau3[[#This Row],[Temps de parole total personnes ontologiques]]*600 -> 0 | P37: =Tableau3[[#This Row],[PARAITRE]]/Tableau3[[#This Row],[Temps de parole total personnes ontologiques]]*600 -> 0 | Q37: =Tableau3[[#This Row],[SEMBLER]]/Tableau3[[#This Row],[Temps de parole total personnes ontologiques]]*600 -> 0 | R37: =Tableau3[[#This Row],[APPAREMMENT]]/Tableau3[[#This Row],[Temps de parole total personnes ontologiques]]*600 -> 0 | S37: =Tableau3[[#This Row],[EVIDEMMENT]]/Tableau3[[#This Row],[Temps de parole total personnes ontologiques]]*600 -> 2.0891765 | T37: =Tableau3[[#This Row],[MANIFESTEMENT]]/Tableau3[[#This Row],[Temps de parole total personnes ontologiques]]*600 -> 0 | U37: =Tableau3[[#This Row],[VISIBLEMENT]]/Tableau3[[#This Row],[Temps de parole total personnes ontologiques]]*600 -> 0 | V37: =SUM(Tableau3[[#This Row],[avoir l''air '[look like'] per 10 min]:[visiblement '[visibly'] per 10 min]]) -> 3.1337647
A38: ZEN | C38: 2 | H38: 1 | K38: =SUM(B38:J38) -> 3 | L38: =_xlfn.XLOOKUP(Tableau3[[#This Row],[Personnes ontologiques]],'TEMPS PAROLE PERS_ONTO'!A:A,'TEMPS PAROLE PERS_ONTO'!B:B) -> 690.538 | M38: =Tableau3[[#This Row],[AVOIR L''AIR]]/Tableau3[[#This Row],[Temps de parole total personnes ontologiques]]*600 -> 0 | N38: =Tableau3[[#This Row],[AVOIR L''IMPRESSION]]/Tableau3[[#This Row],[Temps de parole total personnes ontologiques]]*600 -> 1.7377755 | O38: =Tableau3[[#This Row],[DONNER L''IMPRESSION]]/Tableau3[[#This Row],[Temps de parole total personnes ontologiques]]*600 -> 0 | P38: =Tableau3[[#This Row],[PARAITRE]]/Tableau3[[#This Row],[Temps de parole total personnes ontologiques]]*600 -> 0 | Q38: =Tableau3[[#This Row],[SEMBLER]]/Tableau3[[#This Row],[Temps de parole total personnes ontologiques]]*600 -> 0 | R38: =Tableau3[[#This Row],[APPAREMMENT]]/Tableau3[[#This Row],[Temps de parole total personnes ontologiques]]*600 -> 0 | S38: =Tableau3[[#This Row],[EVIDEMMENT]]/Tableau3[[#This Row],[Temps de parole total personnes ontologiques]]*600 -> 0.86888774 | T38: =Tableau3[[#This Row],[MANIFESTEMENT]]/Tableau3[[#This Row],[Temps de parole total personnes ontologiques]]*600 -> 0 | U38: =Tableau3[[#This Row],[VISIBLEMENT]]/Tableau3[[#This Row],[Temps de parole total personnes ontologiques]]*600 -> 0 | V38: =SUM(Tableau3[[#This Row],[avoir l''air '[look like'] per 10 min]:[visiblement '[visibly'] per 10 min]]) -> 2.6066632
A39: SIM | G39: 3 | K39: =SUM(B39:J39) -> 3 | L39: =_xlfn.XLOOKUP(Tableau3[[#This Row],[Personnes ontologiques]],'TEMPS PAROLE PERS_ONTO'!A:A,'TEMPS PAROLE PERS_ONTO'!B:B) -> 855.574 | M39: =Tableau3[[#This Row],[AVOIR L''AIR]]/Tableau3[[#This Row],[Temps de parole total personnes ontologiques]]*600 -> 0 | N39: =Tableau3[[#This Row],[AVOIR L''IMPRESSION]]/Tableau3[[#This Row],[Temps de parole total personnes ontologiques]]*600 -> 0 | O39: =Tableau3[[#This Row],[DONNER L''IMPRESSION]]/Tableau3[[#This Row],[Temps de parole total personnes ontologiques]]*600 -> 0 | P39: =Tableau3[[#This Row],[PARAITRE]]/Tableau3[[#This Row],[Temps de parole total personnes ontologiques]]*600 -> 0 | Q39: =Tableau3[[#This Row],[SEMBLER]]/Tableau3[[#This Row],[Temps de parole total personnes ontologiques]]*600 -> 0 | R39: =Tableau3[[#This Row],[APPAREMMENT]]/Tableau3[[#This Row],[Temps de parole total personnes ontologiques]]*600 -> 2.1038507 | S39: =Tableau3[[#This Row],[EVIDEMMENT]]/Tableau3[[#This Row],[Temps de parole total personnes ontologiques]]*600 -> 0 | T39: =Tableau3[[#This Row],[MANIFESTEMENT]]/Tableau3[[#This Row],[Temps de parole total personnes ontologiques]]*600 -> 0 | U39: =Tableau3[[#This Row],[VISIBLEMENT]]/Tableau3[[#This Row],[Temps de parole total personnes ontologiques]]*600 -> 0 | V39: =SUM(Tableau3[[#This Row],[avoir l''air '[look like'] per 10 min]:[visiblement '[visibly'] per 10 min]]) -> 2.1038507
A40: FRA | D40: 1 | F40: 1 | G40: 1 | K40: =SUM(B40:J40) -> 3 | L40: =_xlfn.XLOOKUP(Tableau3[[#This Row],[Personnes ontologiques]],'TEMPS PAROLE PERS_ONTO'!A:A,'TEMPS PAROLE PERS_ONTO'!B:B) -> 876.349 | M40: =Tableau3[[#This Row],[AVOIR L''AIR]]/Tableau3[[#This Row],[Temps de parole total personnes ontologiques]]*600 -> 0 | N40: =Tableau3[[#This Row],[AVOIR L''IMPRESSION]]/Tableau3[[#This Row],[Temps de parole total personnes ontologiques]]*600 -> 0 | O40: =Tableau3[[#This Row],[DONNER L''IMPRESSION]]/Tableau3[[#This Row],[Temps de parole total personnes ontologiques]]*600 -> 0.68465874 | P40: =Tableau3[[#This Row],[PARAITRE]]/Tableau3[[#This Row],[Temps de parole total personnes ontologiques]]*600 -> 0 | Q40: =Tableau3[[#This Row],[SEMBLER]]/Tableau3[[#This Row],[Temps de parole total personnes ontologiques]]*600 -> 0.68465874 | R40: =Tableau3[[#This Row],[APPAREMMENT]]/Tableau3[[#This Row],[Temps de parole total personnes ontologiques]]*600 -> 0.68465874 | S40: =Tableau3[[#This Row],[EVIDEMMENT]]/Tableau3[[#This Row],[Temps de parole total personnes ontologiques]]*600 -> 0 | T40: =Tableau3[[#This Row],[MANIFESTEMENT]]/Tableau3[[#This Row],[Temps de parole total personnes ontologiques]]*600 -> 0 | U40: =Tableau3[[#This Row],[VISIBLEMENT]]/Tableau3[[#This Row],[Temps de parole total personnes ontologiques]]*600 -> 0 | V40: =SUM(Tableau3[[#This Row],[avoir l''air '[look like'] per 10 min]:[visiblement '[visibly'] per 10 min]]) -> 2.0539762
A41: BON | H41: 3 | K41: =SUM(B41:J41) -> 3 | L41: =_xlfn.XLOOKUP(Tableau3[[#This Row],[Personnes ontologiques]],'TEMPS PAROLE PERS_ONTO'!A:A,'TEMPS PAROLE PERS_ONTO'!B:B) -> 974.315 | M41: =Tableau3[[#This Row],[AVOIR L''AIR]]/Tableau3[[#This Row],[Temps de parole total personnes ontologiques]]*600 -> 0 | N41: =Tableau3[[#This Row],[AVOIR L''IMPRESSION]]/Tableau3[[#This Row],[Temps de parole total personnes ontologiques]]*600 -> 0 | O41: =Tableau3[[#This Row],[DONNER L''IMPRESSION]]/Tableau3[[#This Row],[Temps de parole total personnes ontologiques]]*600 -> 0 | P41: =Tableau3[[#This Row],[PARAITRE]]/Tableau3[[#This Row],[Temps de parole total personnes ontologiques]]*600 -> 0 | Q41: =Tableau3[[#This Row],[SEMBLER]]/Tableau3[[#This Row],[Temps de parole total personnes ontologiques]]*600 -> 0 | R41: =Tableau3[[#This Row],[APPAREMMENT]]/Tableau3[[#This Row],[Temps de parole total personnes ontologiques]]*600 -> 0 | S41: =Tableau3[[#This Row],[EVIDEMMENT]]/Tableau3[[#This Row],[Temps de parole total personnes ontologiques]]*600 -> 1.8474518 | T41: =Tableau3[[#This Row],[MANIFESTEMENT]]/Tableau3[[#This Row],[Temps de parole total personnes ontologiques]]*600 -> 0 | U41: =Tableau3[[#This Row],[VISIBLEMENT]]/Tableau3[[#This Row],[Temps de parole total personnes ontologiques]]*600 -> 0 | V41: =SUM(Tableau3[[#This Row],[avoir l''air '[look like'] per 10 min]:[visiblement '[visibly'] per 10 min]]) -> 1.8474518
A42: PON | C42: 1 | G42: 1 | H42: 1 | K42: =SUM(B42:J42) -> 3 | L42: =_xlfn.XLOOKUP(Tableau3[[#This Row],[Personnes ontologiques]],'TEMPS PAROLE PERS_ONTO'!A:A,'TEMPS PAROLE PERS_ONTO'!B:B) -> 1037.485 | M42: =Tableau3[[#This Row],[AVOIR L''AIR]]/Tableau3[[#This Row],[Temps de parole total personnes ontologiques]]*600 -> 0 | N42: =Tableau3[[#This Row],[AVOIR L''IMPRESSION]]/Tableau3[[#This Row],[Temps de parole total personnes ontologiques]]*600 -> 0.57832161 | O42: =Tableau3[[#This Row],[DONNER L''IMPRESSION]]/Tableau3[[#This Row],[Temps de parole total personnes ontologiques]]*600 -> 0 | P42: =Tableau3[[#This Row],[PARAITRE]]/Tableau3[[#This Row],[Temps de parole total personnes ontologiques]]*600 -> 0 | Q42: =Tableau3[[#This Row],[SEMBLER]]/Tableau3[[#This Row],[Temps de parole total personnes ontologiques]]*600 -> 0 | R42: =Tableau3[[#This Row],[APPAREMMENT]]/Tableau3[[#This Row],[Temps de parole total personnes ontologiques]]*600 -> 0.57832161 | S42: =Tableau3[[#This Row],[EVIDEMMENT]]/Tableau3[[#This Row],[Temps de parole total personnes ontologiques]]*600 -> 0.57832161 | T42: =Tableau3[[#This Row],[MANIFESTEMENT]]/Tableau3[[#This Row],[Temps de parole total personnes ontologiques]]*600 -> 0 | U42: =Tableau3[[#This Row],[VISIBLEMENT]]/Tableau3[[#This Row],[Temps de parole total personnes ontologiques]]*600 -> 0 | V42: =SUM(Tableau3[[#This Row],[avoir l''air '[look like'] per 10 min]:[visiblement '[visibly'] per 10 min]]) -> 1.7349648
A43: CLA | C43: 1 | F43: 2 | K43: =SUM(B43:J43) -> 3 | L43: =_xlfn.XLOOKUP(Tableau3[[#This Row],[Personnes ontologiques]],'TEMPS PAROLE PERS_ONTO'!A:A,'TEMPS PAROLE PERS_ONTO'!B:B) -> 1405.691 | M43: =Tableau3[[#This Row],[AVOIR L''AIR]]/Tableau3[[#This Row],[Temps de parole total personnes ontologiques]]*600 -> 0 | N43: =Tableau3[[#This Row],[AVOIR L''IMPRESSION]]/Tableau3[[#This Row],[Temps de parole total personnes ontologiques]]*600 -> 0.42683634 | O43: =Tableau3[[#This Row],[DONNER L''IMPRESSION]]/Tableau3[[#This Row],[Temps de parole total personnes ontologiques]]*600 -> 0 | P43: =Tableau3[[#This Row],[PARAITRE]]/Tableau3[[#This Row],[Temps de parole total personnes ontologiques]]*600 -> 0 | Q43: =Tableau3[[#This Row],[SEMBLER]]/Tableau3[[#This Row],[Temps de parole total personnes ontologiques]]*600 -> 0.85367268 | R43: =Tableau3[[#This Row],[APPAREMMENT]]/Tableau3[[#This Row],[Temps de parole total personnes ontologiques]]*600 -> 0 | S43: =Tableau3[[#This Row],[EVIDEMMENT]]/Tableau3[[#This Row],[Temps de parole total personnes ontologiques]]*600 -> 0 | T43: =Tableau3[[#This Row],[MANIFESTEMENT]]/Tableau3[[#This Row],[Temps de parole total personnes ontologiques]]*600 -> 0 | U43: =Tableau3[[#This Row],[VISIBLEMENT]]/Tableau3[[#This Row],[Temps de parole total personnes ontologiques]]*600 -> 0 | V43: =SUM(Tableau3[[#This Row],[avoir l''air '[look like'] per 10 min]:[visiblement '[visibly'] per 10 min]]) -> 1.280509
A44: PAU | B44: 1 | E44: 1 | G44: 1 | K44: =SUM(B44:J44) -> 3 | L44: =_xlfn.XLOOKUP(Tableau3[[#This Row],[Personnes ontologiques]],'TEMPS PAROLE PERS_ONTO'!A:A,'TEMPS PAROLE PERS_ONTO'!B:B) -> 2146.405 | M44: =Tableau3[[#This Row],[AVOIR L''AIR]]/Tableau3[[#This Row],[Temps de parole total personnes ontologiques]]*600 -> 0.27953718 | N44: =Tableau3[[#This Row],[AVOIR L''IMPRESSION]]/Tableau3[[#This Row],[Temps de parole total personnes ontologiques]]*600 -> 0 | O44: =Tableau3[[#This Row],[DONNER L''IMPRESSION]]/Tableau3[[#This Row],[Temps de parole total personnes ontologiques]]*600 -> 0 | P44: =Tableau3[[#This Row],[PARAITRE]]/Tableau3[[#This Row],[Temps de parole total personnes ontologiques]]*600 -> 0.27953718 | Q44: =Tableau3[[#This Row],[SEMBLER]]/Tableau3[[#This Row],[Temps de parole total personnes ontologiques]]*600 -> 0 | R44: =Tableau3[[#This Row],[APPAREMMENT]]/Tableau3[[#This Row],[Temps de parole total personnes ontologiques]]*600 -> 0.27953718 | S44: =Tableau3[[#This Row],[EVIDEMMENT]]/Tableau3[[#This Row],[Temps de parole total personnes ontologiques]]*600 -> 0 | T44: =Tableau3[[#This Row],[MANIFESTEMENT]]/Tableau3[[#This Row],[Temps de parole total personnes ontologiques]]*600 -> 0 | U44: =Tableau3[[#This Row],[VISIBLEMENT]]/Tableau3[[#This Row],[Temps de parole total personnes ontologiques]]*600 -> 0 | V44: =SUM(Tableau3[[#This Row],[avoir l''air '[look like'] per 10 min]:[visiblement '[visibly'] per 10 min]]) -> 0.83861154
A45: CAR | B45: 1 | F45: 2 | K45: =SUM(B45:J45) -> 3 | L45: =_xlfn.XLOOKUP(Tableau3[[#This Row],[Personnes ontologiques]],'TEMPS PAROLE PERS_ONTO'!A:A,'TEMPS PAROLE PERS_ONTO'!B:B) -> 2443.553 | M45: =Tableau3[[#This Row],[AVOIR L''AIR]]/Tableau3[[#This Row],[Temps de parole total personnes ontologiques]]*600 -> 0.24554409 | N45: =Tableau3[[#This Row],[AVOIR L''IMPRESSION]]/Tableau3[[#This Row],[Temps de parole total personnes ontologiques]]*600 -> 0 | O45: =Tableau3[[#This Row],[DONNER L''IMPRESSION]]/Tableau3[[#This Row],[Temps de parole total personnes ontologiques]]*600 -> 0 | P45: =Tableau3[[#This Row],[PARAITRE]]/Tableau3[[#This Row],[Temps de parole total personnes ontologiques]]*600 -> 0 | Q45: =Tableau3[[#This Row],[SEMBLER]]/Tableau3[[#This Row],[Temps de parole total personnes ontologiques]]*600 -> 0.49108818 | R45: =Tableau3[[#This Row],[APPAREMMENT]]/Tableau3[[#This Row],[Temps de parole total personnes ontologiques]]*600 -> 0 | S45: =Tableau3[[#This Row],[EVIDEMMENT]]/Tableau3[[#This Row],[Temps de parole total personnes ontologiques]]*600 -> 0 | T45: =Tableau3[[#This Row],[MANIFESTEMENT]]/Tableau3[[#This Row],[Temps de parole total personnes ontologiques]]*600 -> 0 | U45: =Tableau3[[#This Row],[VISIBLEMENT]]/Tableau3[[#This Row],[Temps de parole total personnes ontologiques]]*600 -> 0 | V45: =SUM(Tableau3[[#This Row],[avoir l''air '[look like'] per 10 min]:[visiblement '[visibly'] per 10 min]]) -> 0.73663227
A46: PTI | E46: 1 | J46: 1 | K46: =SUM(B46:J46) -> 2 | L46: =_xlfn.XLOOKUP(Tableau3[[#This Row],[Personnes ontologiques]],'TEMPS PAROLE PERS_ONTO'!A:A,'TEMPS PAROLE PERS_ONTO'!B:B) -> 113.158 | M46: =Tableau3[[#This Row],[AVOIR L''AIR]]/Tableau3[[#This Row],[Temps de parole total personnes ontologiques]]*600 -> 0 | N46: =Tableau3[[#This Row],[AVOIR L''IMPRESSION]]/Tableau3[[#This Row],[Temps de parole total personnes ontologiques]]*600 -> 0 | O46: =Tableau3[[#This Row],[DONNER L''IMPRESSION]]/Tableau3[[#This Row],[Temps de parole total personnes ontologiques]]*600 -> 0 | P46: =Tableau3[[#This Row],[PARAITRE]]/Tableau3[[#This Row],[Temps de parole total personnes ontologiques]]*600 -> 5.3023206 | Q46: =Tableau3[[#This Row],[SEMBLER]]/Tableau3[[#This Row],[Temps de parole total personnes ontologiques]]*600 -> 0 | R46: =Tableau3[[#This Row],[APPAREMMENT]]/Tableau3[[#This Row],[Temps de parole total personnes ontologiques]]*600 -> 0 | S46: =Tableau3[[#This Row],[EVIDEMMENT]]/Tableau3[[#This Row],[Temps de parole total personnes ontologiques]]*600 -> 0 | T46: =Tableau3[[#This Row],[MANIFESTEMENT]]/Tableau3[[#This Row],[Temps de parole total personnes ontologiques]]*600 -> 0 | U46: =Tableau3[[#This Row],[VISIBLEMENT]]/Tableau3[[#This Row],[Temps de parole total personnes ontologiques]]*600 -> 5.3023206 | V46: =SUM(Tableau3[[#This Row],[avoir l''air '[look like'] per 10 min]:[visiblement '[visibly'] per 10 min]]) -> 10.604641
A47: P10 | B47: 1 | C47: 1 | K47: =SUM(B47:J47) -> 2 | L47: =_xlfn.XLOOKUP(Tableau3[[#This Row],[Personnes ontologiques]],'TEMPS PAROLE PERS_ONTO'!A:A,'TEMPS PAROLE PERS_ONTO'!B:B) -> 114.619 | M47: =Tableau3[[#This Row],[AVOIR L''AIR]]/Tableau3[[#This Row],[Temps de parole total personnes ontologiques]]*600 -> 5.2347342 | N47: =Tableau3[[#This Row],[AVOIR L''IMPRESSION]]/Tableau3[[#This Row],[Temps de parole total personnes ontologiques]]*600 -> 5.2347342 | O47: =Tableau3[[#This Row],[DONNER L''IMPRESSION]]/Tableau3[[#This Row],[Temps de parole total personnes ontologiques]]*600 -> 0 | P47: =Tableau3[[#This Row],[PARAITRE]]/Tableau3[[#This Row],[Temps de parole total personnes ontologiques]]*600 -> 0 | Q47: =Tableau3[[#This Row],[SEMBLER]]/Tableau3[[#This Row],[Temps de parole total personnes ontologiques]]*600 -> 0 | R47: =Tableau3[[#This Row],[APPAREMMENT]]/Tableau3[[#This Row],[Temps de parole total personnes ontologiques]]*600 -> 0 | S47: =Tableau3[[#This Row],[EVIDEMMENT]]/Tableau3[[#This Row],[Temps de parole total personnes ontologiques]]*600 -> 0 | T47: =Tableau3[[#This Row],[MANIFESTEMENT]]/Tableau3[[#This Row],[Temps de parole total personnes ontologiques]]*600 -> 0 | U47: =Tableau3[[#This Row],[VISIBLEMENT]]/Tableau3[[#This Row],[Temps de parole total personnes ontologiques]]*600 -> 0 | V47: =SUM(Tableau3[[#This Row],[avoir l''air '[look like'] per 10 min]:[visiblement '[visibly'] per 10 min]]) -> 10.469468
A48: MAU | C48: 2 | K48: =SUM(B48:J48) -> 2 | L48: =_xlfn.XLOOKUP(Tableau3[[#This Row],[Personnes ontologiques]],'TEMPS PAROLE PERS_ONTO'!A:A,'TEMPS PAROLE PERS_ONTO'!B:B) -> 152.423 | M48: =Tableau3[[#This Row],[AVOIR L''AIR]]/Tableau3[[#This Row],[Temps de parole total personnes ontologiques]]*600 -> 0 | N48: =Tableau3[[#This Row],[AVOIR L''IMPRESSION]]/Tableau3[[#This Row],[Temps de parole total personnes ontologiques]]*600 -> 7.8728276 | O48: =Tableau3[[#This Row],[DONNER L''IMPRESSION]]/Tableau3[[#This Row],[Temps de parole total personnes ontologiques]]*600 -> 0 | P48: =Tableau3[[#This Row],[PARAITRE]]/Tableau3[[#This Row],[Temps de parole total personnes ontologiques]]*600 -> 0 | Q48: =Tableau3[[#This Row],[SEMBLER]]/Tableau3[[#This Row],[Temps de parole total personnes ontologiques]]*600 -> 0 | R48: =Tableau3[[#This Row],[APPAREMMENT]]/Tableau3[[#This Row],[Temps de parole total personnes ontologiques]]*600 -> 0 | S48: =Tableau3[[#This Row],[EVIDEMMENT]]/Tableau3[[#This Row],[Temps de parole total personnes ontologiques]]*600 -> 0 | T48: =Tableau3[[#This Row],[MANIFESTEMENT]]/Tableau3[[#This Row],[Temps de parole total personnes ontologiques]]*600 -> 0 | U48: =Tableau3[[#This Row],[VISIBLEMENT]]/Tableau3[[#This Row],[Temps de parole total personnes ontologiques]]*600 -> 0 | V48: =SUM(Tableau3[[#This Row],[avoir l''air '[look like'] per 10 min]:[visiblement '[visibly'] per 10 min]]) -> 7.8728276
A49: CHE | H49: 1 | J49: 1 | K49: =SUM(B49:J49) -> 2 | L49: =_xlfn.XLOOKUP(Tableau3[[#This Row],[Personnes ontologiques]],'TEMPS PAROLE PERS_ONTO'!A:A,'TEMPS PAROLE PERS_ONTO'!B:B) -> 164.515 | M49: =Tableau3[[#This Row],[AVOIR L''AIR]]/Tableau3[[#This Row],[Temps de parole total personnes ontologiques]]*600 -> 0 | N49: =Tableau3[[#This Row],[AVOIR L''IMPRESSION]]/Tableau3[[#This Row],[Temps de parole total personnes ontologiques]]*600 -> 0 | O49: =Tableau3[[#This Row],[DONNER L''IMPRESSION]]/Tableau3[[#This Row],[Temps de parole total personnes ontologiques]]*600 -> 0 | P49: =Tableau3[[#This Row],[PARAITRE]]/Tableau3[[#This Row],[Temps de parole total personnes ontologiques]]*600 -> 0 | Q49: =Tableau3[[#This Row],[SEMBLER]]/Tableau3[[#This Row],[Temps de parole total personnes ontologiques]]*600 -> 0 | R49: =Tableau3[[#This Row],[APPAREMMENT]]/Tableau3[[#This Row],[Temps de parole total personnes ontologiques]]*600 -> 0 | S49: =Tableau3[[#This Row],[EVIDEMMENT]]/Tableau3[[#This Row],[Temps de parole total personnes ontologiques]]*600 -> 3.6470839 | T49: =Tableau3[[#This Row],[MANIFESTEMENT]]/Tableau3[[#This Row],[Temps de parole total personnes ontologiques]]*600 -> 0 | U49: =Tableau3[[#This Row],[VISIBLEMENT]]/Tableau3[[#This Row],[Temps de parole total personnes ontologiques]]*600 -> 3.6470839 | V49: =SUM(Tableau3[[#This Row],[avoir l''air '[look like'] per 10 min]:[visiblement '[visibly'] per 10 min]]) -> 7.2941677
A50: P36 | C50: 2 | K50: =SUM(B50:J50) -> 2 | L50: =_xlfn.XLOOKUP(Tableau3[[#This Row],[Personnes ontologiques]],'TEMPS PAROLE PERS_ONTO'!A:A,'TEMPS PAROLE PERS_ONTO'!B:B) -> 200.979 | M50: =Tableau3[[#This Row],[AVOIR L''AIR]]/Tableau3[[#This Row],[Temps de parole total personnes ontologiques]]*600 -> 0 | N50: =Tableau3[[#This Row],[AVOIR L''IMPRESSION]]/Tableau3[[#This Row],[Temps de parole total personnes ontologiques]]*600 -> 5.9707731 | O50: =Tableau3[[#This Row],[DONNER L''IMPRESSION]]/Tableau3[[#This Row],[Temps de parole total personnes ontologiques]]*600 -> 0 | P50: =Tableau3[[#This Row],[PARAITRE]]/Tableau3[[#This Row],[Temps de parole total personnes ontologiques]]*600 -> 0 | Q50: =Tableau3[[#This Row],[SEMBLER]]/Tableau3[[#This Row],[Temps de parole total personnes ontologiques]]*600 -> 0 | R50: =Tableau3[[#This Row],[APPAREMMENT]]/Tableau3[[#This Row],[Temps de parole total personnes ontologiques]]*600 -> 0 | S50: =Tableau3[[#This Row],[EVIDEMMENT]]/Tableau3[[#This Row],[Temps de parole total personnes ontologiques]]*600 -> 0 | T50: =Tableau3[[#This Row],[MANIFESTEMENT]]/Tableau3[[#This Row],[Temps de parole total personnes ontologiques]]*600 -> 0 | U50: =Tableau3[[#This Row],[VISIBLEMENT]]/Tableau3[[#This Row],[Temps de parole total personnes ontologiques]]*600 -> 0 | V50: =SUM(Tableau3[[#This Row],[avoir l''air '[look like'] per 10 min]:[visiblement '[visibly'] per 10 min]]) -> 5.9707731
A51: SAR | C51: 1 | G51: 1 | K51: =SUM(B51:J51) -> 2 | L51: =_xlfn.XLOOKUP(Tableau3[[#This Row],[Personnes ontologiques]],'TEMPS PAROLE PERS_ONTO'!A:A,'TEMPS PAROLE PERS_ONTO'!B:B) -> 205.712 | M51: =Tableau3[[#This Row],[AVOIR L''AIR]]/Tableau3[[#This Row],[Temps de parole total personnes ontologiques]]*600 -> 0 | N51: =Tableau3[[#This Row],[AVOIR L''IMPRESSION]]/Tableau3[[#This Row],[Temps de parole total personnes ontologiques]]*600 -> 2.9166991 | O51: =Tableau3[[#This Row],[DONNER L''IMPRESSION]]/Tableau3[[#This Row],[Temps de parole total personnes ontologiques]]*600 -> 0 | P51: =Tableau3[[#This Row],[PARAITRE]]/Tableau3[[#This Row],[Temps de parole total personnes ontologiques]]*600 -> 0 | Q51: =Tableau3[[#This Row],[SEMBLER]]/Tableau3[[#This Row],[Temps de parole total personnes ontologiques]]*600 -> 0 | R51: =Tableau3[[#This Row],[APPAREMMENT]]/Tableau3[[#This Row],[Temps de parole total personnes ontologiques]]*600 -> 2.9166991 | S51: =Tableau3[[#This Row],[EVIDEMMENT]]/Tableau3[[#This Row],[Temps de parole total personnes ontologiques]]*600 -> 0 | T51: =Tableau3[[#This Row],[MANIFESTEMENT]]/Tableau3[[#This Row],[Temps de parole total personnes ontologiques]]*600 -> 0 | U51: =Tableau3[[#This Row],[VISIBLEMENT]]/Tableau3[[#This Row],[Temps de parole total personnes ontologiques]]*600 -> 0 | V51: =SUM(Tableau3[[#This Row],[avoir l''air '[look like'] per 10 min]:[visiblement '[visibly'] per 10 min]]) -> 5.8333981
A52: ROC | H52: 2 | K52: =SUM(B52:J52) -> 2 | L52: =_xlfn.XLOOKUP(Tableau3[[#This Row],[Personnes ontologiques]],'TEMPS PAROLE PERS_ONTO'!A:A,'TEMPS PAROLE PERS_ONTO'!B:B) -> 278.743 | M52: =Tableau3[[#This Row],[AVOIR L''AIR]]/Tableau3[[#This Row],[Temps de parole total personnes ontologiques]]*600 -> 0 | N52: =Tableau3[[#This Row],[AVOIR L''IMPRESSION]]/Tableau3[[#This Row],[Temps de parole total personnes ontologiques]]*600 -> 0 | O52: =Tableau3[[#This Row],[DONNER L''IMPRESSION]]/Tableau3[[#This Row],[Temps de parole total personnes ontologiques]]*600 -> 0 | P52: =Tableau3[[#This Row],[PARAITRE]]/Tableau3[[#This Row],[Temps de parole total personnes ontologiques]]*600 -> 0 | Q52: =Tableau3[[#This Row],[SEMBLER]]/Tableau3[[#This Row],[Temps de parole total personnes ontologiques]]*600 -> 0 | R52: =Tableau3[[#This Row],[APPAREMMENT]]/Tableau3[[#This Row],[Temps de parole total personnes ontologiques]]*600 -> 0 | S52: =Tableau3[[#This Row],[EVIDEMMENT]]/Tableau3[[#This Row],[Temps de parole total personnes ontologiques]]*600 -> 4.3050408 | T52: =Tableau3[[#This Row],[MANIFESTEMENT]]/Tableau3[[#This Row],[Temps de parole total personnes ontologiques]]*600 -> 0 | U52: =Tableau3[[#This Row],[VISIBLEMENT]]/Tableau3[[#This Row],[Temps de parole total personnes ontologiques]]*600 -> 0 | V52: =SUM(Tableau3[[#This Row],[avoir l''air '[look like'] per 10 min]:[visiblement '[visibly'] per 10 min]]) -> 4.3050408
A53: JAN | F53: 1 | I53: 1 | K53: =SUM(B53:J53) -> 2 | L53: =_xlfn.XLOOKUP(Tableau3[[#This Row],[Personnes ontologiques]],'TEMPS PAROLE PERS_ONTO'!A:A,'TEMPS PAROLE PERS_ONTO'!B:B) -> 861.043 | M53: =Tableau3[[#This Row],[AVOIR L''AIR]]/Tableau3[[#This Row],[Temps de parole total personnes ontologiques]]*600 -> 0 | N53: =Tableau3[[#This Row],[AVOIR L''IMPRESSION]]/Tableau3[[#This Row],[Temps de parole total personnes ontologiques]]*600 -> 0 | O53: =Tableau3[[#This Row],[DONNER L''IMPRESSION]]/Tableau3[[#This Row],[Temps de parole total personnes ontologiques]]*600 -> 0 | P53: =Tableau3[[#This Row],[PARAITRE]]/Tableau3[[#This Row],[Temps de parole total personnes ontologiques]]*600 -> 0 | Q53: =Tableau3[[#This Row],[SEMBLER]]/Tableau3[[#This Row],[Temps de parole total personnes ontologiques]]*600 -> 0.69682931 | R53: =Tableau3[[#This Row],[APPAREMMENT]]/Tableau3[[#This Row],[Temps de parole total personnes ontologiques]]*600 -> 0 | S53: =Tableau3[[#This Row],[EVIDEMMENT]]/Tableau3[[#This Row],[Temps de parole total personnes ontologiques]]*600 -> 0 | T53: =Tableau3[[#This Row],[MANIFESTEMENT]]/Tableau3[[#This Row],[Temps de parole total personnes ontologiques]]*600 -> 0.69682931 | U53: =Tableau3[[#This Row],[VISIBLEMENT]]/Tableau3[[#This Row],[Temps de parole total personnes ontologiques]]*600 -> 0 | V53: =SUM(Tableau3[[#This Row],[avoir l''air '[look like'] per 10 min]:[visiblement '[visibly'] per 10 min]]) -> 1.3936586
A54: ROU | F54: 2 | K54: =SUM(B54:J54) -> 2 | L54: =_xlfn.XLOOKUP(Tableau3[[#This Row],[Personnes ontologiques]],'TEMPS PAROLE PERS_ONTO'!A:A,'TEMPS PAROLE PERS_ONTO'!B:B) -> 934.692 | M54: =Tableau3[[#This Row],[AVOIR L''AIR]]/Tableau3[[#This Row],[Temps de parole total personnes ontologiques]]*600 -> 0 | N54: =Tableau3[[#This Row],[AVOIR L''IMPRESSION]]/Tableau3[[#This Row],[Temps de parole total personnes ontologiques]]*600 -> 0 | O54: =Tableau3[[#This Row],[DONNER L''IMPRESSION]]/Tableau3[[#This Row],[Temps de parole total personnes ontologiques]]*600 -> 0 | P54: =Tableau3[[#This Row],[PARAITRE]]/Tableau3[[#This Row],[Temps de parole total personnes ontologiques]]*600 -> 0 | Q54: =Tableau3[[#This Row],[SEMBLER]]/Tableau3[[#This Row],[Temps de parole total personnes ontologiques]]*600 -> 1.2838454 | R54: =Tableau3[[#This Row],[APPAREMMENT]]/Tableau3[[#This Row],[Temps de parole total personnes ontologiques]]*600 -> 0 | S54: =Tableau3[[#This Row],[EVIDEMMENT]]/Tableau3[[#This Row],[Temps de parole total personnes ontologiques]]*600 -> 0 | T54: =Tableau3[[#This Row],[MANIFESTEMENT]]/Tableau3[[#This Row],[Temps de parole total personnes ontologiques]]*600 -> 0 | U54: =Tableau3[[#This Row],[VISIBLEMENT]]/Tableau3[[#This Row],[Temps de parole total personnes ontologiques]]*600 -> 0 | V54: =SUM(Tableau3[[#This Row],[avoir l''air '[look like'] per 10 min]:[visiblement '[visibly'] per 10 min]]) -> 1.2838454
A55: SOP | F55: 1 | G55: 1 | K55: =SUM(B55:J55) -> 2 | L55: =_xlfn.XLOOKUP(Tableau3[[#This Row],[Personnes ontologiques]],'TEMPS PAROLE PERS_ONTO'!A:A,'TEMPS PAROLE PERS_ONTO'!B:B) -> 1662.371 | M55: =Tableau3[[#This Row],[AVOIR L''AIR]]/Tableau3[[#This Row],[Temps de parole total personnes ontologiques]]*600 -> 0 | N55: =Tableau3[[#This Row],[AVOIR L''IMPRESSION]]/Tableau3[[#This Row],[Temps de parole total personnes ontologiques]]*600 -> 0 | O55: =Tableau3[[#This Row],[DONNER L''IMPRESSION]]/Tableau3[[#This Row],[Temps de parole total personnes ontologiques]]*600 -> 0 | P55: =Tableau3[[#This Row],[PARAITRE]]/Tableau3[[#This Row],[Temps de parole total personnes ontologiques]]*600 -> 0 | Q55: =Tableau3[[#This Row],[SEMBLER]]/Tableau3[[#This Row],[Temps de parole total personnes ontologiques]]*600 -> 0.36093026 | R55: =Tableau3[[#This Row],[APPAREMMENT]]/Tableau3[[#This Row],[Temps de parole total personnes ontologiques]]*600 -> 0.36093026 | S55: =Tableau3[[#This Row],[EVIDEMMENT]]/Tableau3[[#This Row],[Temps de parole total personnes ontologiques]]*600 -> 0 | T55: =Tableau3[[#This Row],[MANIFESTEMENT]]/Tableau3[[#This Row],[Temps de parole total personnes ontologiques]]*600 -> 0 | U55: =Tableau3[[#This Row],[VISIBLEMENT]]/Tableau3[[#This Row],[Temps de parole total personnes ontologiques]]*600 -> 0 | V55: =SUM(Tableau3[[#This Row],[avoir l''air '[look like'] per 10 min]:[visiblement '[visibly'] per 10 min]]) -> 0.72186052
A56: CHR | C56: 1 | F56: 1 | K56: =SUM(B56:J56) -> 2 | L56: =_xlfn.XLOOKUP(Tableau3[[#This Row],[Personnes ontologiques]],'TEMPS PAROLE PERS_ONTO'!A:A,'TEMPS PAROLE PERS_ONTO'!B:B) -> 1789.854 | M56: =Tableau3[[#This Row],[AVOIR L''AIR]]/Tableau3[[#This Row],[Temps de parole total personnes ontologiques]]*600 -> 0 | N56: =Tableau3[[#This Row],[AVOIR L''IMPRESSION]]/Tableau3[[#This Row],[Temps de parole total personnes ontologiques]]*600 -> 0.33522287 | O56: =Tableau3[[#This Row],[DONNER L''IMPRESSION]]/Tableau3[[#This Row],[Temps de parole total personnes ontologiques]]*600 -> 0 | P56: =Tableau3[[#This Row],[PARAITRE]]/Tableau3[[#This Row],[Temps de parole total personnes ontologiques]]*600 -> 0 | Q56: =Tableau3[[#This Row],[SEMBLER]]/Tableau3[[#This Row],[Temps de parole total personnes ontologiques]]*600 -> 0.33522287 | R56: =Tableau3[[#This Row],[APPAREMMENT]]/Tableau3[[#This Row],[Temps de parole total personnes ontologiques]]*600 -> 0 | S56: =Tableau3[[#This Row],[EVIDEMMENT]]/Tableau3[[#This Row],[Temps de parole total personnes ontologiques]]*600 -> 0 | T56: =Tableau3[[#This Row],[MANIFESTEMENT]]/Tableau3[[#This Row],[Temps de parole total personnes ontologiques]]*600 -> 0 | U56: =Tableau3[[#This Row],[VISIBLEMENT]]/Tableau3[[#This Row],[Temps de parole total personnes ontologiques]]*600 -> 0 | V56: =SUM(Tableau3[[#This Row],[avoir l''air '[look like'] per 10 min]:[visiblement '[visibly'] per 10 min]]) -> 0.67044575
A57: STA | F57: 1 | G57: 1 | K57: =SUM(B57:J57) -> 2 | L57: =_xlfn.XLOOKUP(Tableau3[[#This Row],[Personnes ontologiques]],'TEMPS PAROLE PERS_ONTO'!A:A,'TEMPS PAROLE PERS_ONTO'!B:B) -> 2936.32 | M57: =Tableau3[[#This Row],[AVOIR L''AIR]]/Tableau3[[#This Row],[Temps de parole total personnes ontologiques]]*600 -> 0 | N57: =Tableau3[[#This Row],[AVOIR L''IMPRESSION]]/Tableau3[[#This Row],[Temps de parole total personnes ontologiques]]*600 -> 0 | O57: =Tableau3[[#This Row],[DONNER L''IMPRESSION]]/Tableau3[[#This Row],[Temps de parole total personnes ontologiques]]*600 -> 0 | P57: =Tableau3[[#This Row],[PARAITRE]]/Tableau3[[#This Row],[Temps de parole total personnes ontologiques]]*600 -> 0 | Q57: =Tableau3[[#This Row],[SEMBLER]]/Tableau3[[#This Row],[Temps de parole total personnes ontologiques]]*600 -> 0.2043374 | R57: =Tableau3[[#This Row],[APPAREMMENT]]/Tableau3[[#This Row],[Temps de parole total personnes ontologiques]]*600 -> 0.2043374 | S57: =Tableau3[[#This Row],[EVIDEMMENT]]/Tableau3[[#This Row],[Temps de parole total personnes ontologiques]]*600 -> 0 | T57: =Tableau3[[#This Row],[MANIFESTEMENT]]/Tableau3[[#This Row],[Temps de parole total personnes ontologiques]]*600 -> 0 | U57: =Tableau3[[#This Row],[VISIBLEMENT]]/Tableau3[[#This Row],[Temps de parole total personnes ontologiques]]*600 -> 0 | V57: =SUM(Tableau3[[#This Row],[avoir l''air '[look like'] per 10 min]:[visiblement '[visibly'] per 10 min]]) -> 0.4086748
A58: ISA | G58: 1 | K58: =SUM(B58:J58) -> 1 | L58: =_xlfn.XLOOKUP(Tableau3[[#This Row],[Personnes ontologiques]],'TEMPS PAROLE PERS_ONTO'!A:A,'TEMPS PAROLE PERS_ONTO'!B:B) -> 17.958 | M58: =Tableau3[[#This Row],[AVOIR L''AIR]]/Tableau3[[#This Row],[Temps de parole total personnes ontologiques]]*600 -> 0 | N58: =Tableau3[[#This Row],[AVOIR L''IMPRESSION]]/Tableau3[[#This Row],[Temps de parole total personnes ontologiques]]*600 -> 0 | O58: =Tableau3[[#This Row],[DONNER L''IMPRESSION]]/Tableau3[[#This Row],[Temps de parole total personnes ontologiques]]*600 -> 0 | P58: =Tableau3[[#This Row],[PARAITRE]]/Tableau3[[#This Row],[Temps de parole total personnes ontologiques]]*600 -> 0 | Q58: =Tableau3[[#This Row],[SEMBLER]]/Tableau3[[#This Row],[Temps de parole total personnes ontologiques]]*600 -> 0 | R58: =Tableau3[[#This Row],[APPAREMMENT]]/Tableau3[[#This Row],[Temps de parole total personnes ontologiques]]*600 -> 33.411293 | S58: =Tableau3[[#This Row],[EVIDEMMENT]]/Tableau3[[#This Row],[Temps de parole total personnes ontologiques]]*600 -> 0 | T58: =Tableau3[[#This Row],[MANIFESTEMENT]]/Tableau3[[#This Row],[Temps de parole total personnes ontologiques]]*600 -> 0 | U58: =Tableau3[[#This Row],[VISIBLEMENT]]/Tableau3[[#This Row],[Temps de parole total personnes ontologiques]]*600 -> 0 | V58: =SUM(Tableau3[[#This Row],[avoir l''air '[look like'] per 10 min]:[visiblement '[visibly'] per 10 min]]) -> 33.411293
A59: P03 | F59: 1 | K59: =SUM(B59:J59) -> 1 | L59: =_xlfn.XLOOKUP(Tableau3[[#This Row],[Personnes ontologiques]],'TEMPS PAROLE PERS_ONTO'!A:A,'TEMPS PAROLE PERS_ONTO'!B:B) -> 49.311 | M59: =Tableau3[[#This Row],[AVOIR L''AIR]]/Tableau3[[#This Row],[Temps de parole total personnes ontologiques]]*600 -> 0 | N59: =Tableau3[[#This Row],[AVOIR L''IMPRESSION]]/Tableau3[[#This Row],[Temps de parole total personnes ontologiques]]*600 -> 0 | O59: =Tableau3[[#This Row],[DONNER L''IMPRESSION]]/Tableau3[[#This Row],[Temps de parole total personnes ontologiques]]*600 -> 0 | P59: =Tableau3[[#This Row],[PARAITRE]]/Tableau3[[#This Row],[Temps de parole total personnes ontologiques]]*600 -> 0 | Q59: =Tableau3[[#This Row],[SEMBLER]]/Tableau3[[#This Row],[Temps de parole total personnes ontologiques]]*600 -> 12.16767 | R59: =Tableau3[[#This Row],[APPAREMMENT]]/Tableau3[[#This Row],[Temps de parole total personnes ontologiques]]*600 -> 0 | S59: =Tableau3[[#This Row],[EVIDEMMENT]]/Tableau3[[#This Row],[Temps de parole total personnes ontologiques]]*600 -> 0 | T59: =Tableau3[[#This Row],[MANIFESTEMENT]]/Tableau3[[#This Row],[Temps de parole total personnes ontologiques]]*600 -> 0 | U59: =Tableau3[[#This Row],[VISIBLEMENT]]/Tableau3[[#This Row],[Temps de parole total personnes ontologiques]]*600 -> 0 | V59: =SUM(Tableau3[[#This Row],[avoir l''air '[look like'] per 10 min]:[visiblement '[visibly'] per 10 min]]) -> 12.16767
A60: JMO | H60: 1 | K60: =SUM(B60:J60) -> 1 | L60: =_xlfn.XLOOKUP(Tableau3[[#This Row],[Personnes ontologiques]],'TEMPS PAROLE PERS_ONTO'!A:A,'TEMPS PAROLE PERS_ONTO'!B:B) -> 80.379 | M60: =Tableau3[[#This Row],[AVOIR L''AIR]]/Tableau3[[#This Row],[Temps de parole total personnes ontologiques]]*600 -> 0 | N60: =Tableau3[[#This Row],[AVOIR L''IMPRESSION]]/Tableau3[[#This Row],[Temps de parole total personnes ontologiques]]*600 -> 0 | O60: =Tableau3[[#This Row],[DONNER L''IMPRESSION]]/Tableau3[[#This Row],[Temps de parole total personnes ontologiques]]*600 -> 0 | P60: =Tableau3[[#This Row],[PARAITRE]]/Tableau3[[#This Row],[Temps de parole total personnes ontologiques]]*600 -> 0 | Q60: =Tableau3[[#This Row],[SEMBLER]]/Tableau3[[#This Row],[Temps de parole total personnes ontologiques]]*600 -> 0 | R60: =Tableau3[[#This Row],[APPAREMMENT]]/Tableau3[[#This Row],[Temps de parole total personnes ontologiques]]*600 -> 0 | S60: =Tableau3[[#This Row],[EVIDEMMENT]]/Tableau3[[#This Row],[Temps de parole total personnes ontologiques]]*600 -> 7.4646363 | T60: =Tableau3[[#This Row],[MANIFESTEMENT]]/Tableau3[[#This Row],[Temps de parole total personnes ontologiques]]*600 -> 0 | U60: =Tableau3[[#This Row],[VISIBLEMENT]]/Tableau3[[#This Row],[Temps de parole total personnes ontologiques]]*600 -> 0 | V60: =SUM(Tableau3[[#This Row],[avoir l''air '[look like'] per 10 min]:[visiblement '[visibly'] per 10 min]]) -> 7.4646363
A61: P08 | C61: 1 | K61: =SUM(B61:J61) -> 1 | L61: =_xlfn.XLOOKUP(Tableau3[[#This Row],[Personnes ontologiques]],'TEMPS PAROLE PERS_ONTO'!A:A,'TEMPS PAROLE PERS_ONTO'!B:B) -> 80.508 | M61: =Tableau3[[#This Row],[AVOIR L''AIR]]/Tableau3[[#This Row],[Temps de parole total personnes ontologiques]]*600 -> 0 | N61: =Tableau3[[#This Row],[AVOIR L''IMPRESSION]]/Tableau3[[#This Row],[Temps de parole total personnes ontologiques]]*600 -> 7.4526755 | O61: =Tableau3[[#This Row],[DONNER L''IMPRESSION]]/Tableau3[[#This Row],[Temps de parole total personnes ontologiques]]*600 -> 0 | P61: =Tableau3[[#This Row],[PARAITRE]]/Tableau3[[#This Row],[Temps de parole total personnes ontologiques]]*600 -> 0 | Q61: =Tableau3[[#This Row],[SEMBLER]]/Tableau3[[#This Row],[Temps de parole total personnes ontologiques]]*600 -> 0 | R61: =Tableau3[[#This Row],[APPAREMMENT]]/Tableau3[[#This Row],[Temps de parole total personnes ontologiques]]*600 -> 0 | S61: =Tableau3[[#This Row],[EVIDEMMENT]]/Tableau3[[#This Row],[Temps de parole total personnes ontologiques]]*600 -> 0 | T61: =Tableau3[[#This Row],[MANIFESTEMENT]]/Tableau3[[#This Row],[Temps de parole total personnes ontologiques]]*600 -> 0 | U61: =Tableau3[[#This Row],[VISIBLEMENT]]/Tableau3[[#This Row],[Temps de parole total personnes ontologiques]]*600 -> 0 | V61: =SUM(Tableau3[[#This Row],[avoir l''air '[look like'] per 10 min]:[visiblement '[visibly'] per 10 min]]) -> 7.4526755
A62: P31 | I62: 1 | K62: =SUM(B62:J62) -> 1 | L62: =_xlfn.XLOOKUP(Tableau3[[#This Row],[Personnes ontologiques]],'TEMPS PAROLE PERS_ONTO'!A:A,'TEMPS PAROLE PERS_ONTO'!B:B) -> 113.566 | M62: =Tableau3[[#This Row],[AVOIR L''AIR]]/Tableau3[[#This Row],[Temps de parole total personnes ontologiques]]*600 -> 0 | N62: =Tableau3[[#This Row],[AVOIR L''IMPRESSION]]/Tableau3[[#This Row],[Temps de parole total personnes ontologiques]]*600 -> 0 | O62: =Tableau3[[#This Row],[DONNER L''IMPRESSION]]/Tableau3[[#This Row],[Temps de parole total personnes ontologiques]]*600 -> 0 | P62: =Tableau3[[#This Row],[PARAITRE]]/Tableau3[[#This Row],[Temps de parole total personnes ontologiques]]*600 -> 0 | Q62: =Tableau3[[#This Row],[SEMBLER]]/Tableau3[[#This Row],[Temps de parole total personnes ontologiques]]*600 -> 0 | R62: =Tableau3[[#This Row],[APPAREMMENT]]/Tableau3[[#This Row],[Temps de parole total personnes ontologiques]]*600 -> 0 | S62: =Tableau3[[#This Row],[EVIDEMMENT]]/Tableau3[[#This Row],[Temps de parole total personnes ontologiques]]*600 -> 0 | T62: =Tableau3[[#This Row],[MANIFESTEMENT]]/Tableau3[[#This Row],[Temps de parole total personnes ontologiques]]*600 -> 5.2832714 | U62: =Tableau3[[#This Row],[VISIBLEMENT]]/Tableau3[[#This Row],[Temps de parole total personnes ontologiques]]*600 -> 0 | V62: =SUM(Tableau3[[#This Row],[avoir l''air '[look like'] per 10 min]:[visiblement '[visibly'] per 10 min]]) -> 5.2832714
A63: FER | H63: 1 | K63: =SUM(B63:J63) -> 1 | L63: =_xlfn.XLOOKUP(Tableau3[[#This Row],[Personnes ontologiques]],'TEMPS PAROLE PERS_ONTO'!A:A,'TEMPS PAROLE PERS_ONTO'!B:B) -> 182.418 | M63: =Tableau3[[#This Row],[AVOIR L''AIR]]/Tableau3[[#This Row],[Temps de parole total personnes ontologiques]]*600 -> 0 | N63: =Tableau3[[#This Row],[AVOIR L''IMPRESSION]]/Tableau3[[#This Row],[Temps de parole total personnes ontologiques]]*600 -> 0 | O63: =Tableau3[[#This Row],[DONNER L''IMPRESSION]]/Tableau3[[#This Row],[Temps de parole total personnes ontologiques]]*600 -> 0 | P63: =Tableau3[[#This Row],[PARAITRE]]/Tableau3[[#This Row],[Temps de parole total personnes ontologiques]]*600 -> 0 | Q63: =Tableau3[[#This Row],[SEMBLER]]/Tableau3[[#This Row],[Temps de parole total personnes ontologiques]]*600 -> 0 | R63: =Tableau3[[#This Row],[APPAREMMENT]]/Tableau3[[#This Row],[Temps de parole total personnes ontologiques]]*600 -> 0 | S63: =Tableau3[[#This Row],[EVIDEMMENT]]/Tableau3[[#This Row],[Temps de parole total personnes ontologiques]]*600 -> 3.2891491 | T63: =Tableau3[[#This Row],[MANIFESTEMENT]]/Tableau3[[#This Row],[Temps de parole total personnes ontologiques]]*600 -> 0 | U63: =Tableau3[[#This Row],[VISIBLEMENT]]/Tableau3[[#This Row],[Temps de parole total personnes ontologiques]]*600 -> 0 | V63: =SUM(Tableau3[[#This Row],[avoir l''air '[look like'] per 10 min]:[visiblement '[visibly'] per 10 min]]) -> 3.2891491
A64: P07 | C64: 1 | K64: =SUM(B64:J64) -> 1 | L64: =_xlfn.XLOOKUP(Tableau3[[#This Row],[Personnes ontologiques]],'TEMPS PAROLE PERS_ONTO'!A:A,'TEMPS PAROLE PERS_ONTO'!B:B) -> 257.246 | M64: =Tableau3[[#This Row],[AVOIR L''AIR]]/Tableau3[[#This Row],[Temps de parole total personnes ontologiques]]*600 -> 0 | N64: =Tableau3[[#This Row],[AVOIR L''IMPRESSION]]/Tableau3[[#This Row],[Temps de parole total personnes ontologiques]]*600 -> 2.3323978 | O64: =Tableau3[[#This Row],[DONNER L''IMPRESSION]]/Tableau3[[#This Row],[Temps de parole total personnes ontologiques]]*600 -> 0 | P64: =Tableau3[[#This Row],[PARAITRE]]/Tableau3[[#This Row],[Temps de parole total personnes ontologiques]]*600 -> 0 | Q64: =Tableau3[[#This Row],[SEMBLER]]/Tableau3[[#This Row],[Temps de parole total personnes ontologiques]]*600 -> 0 | R64: =Tableau3[[#This Row],[APPAREMMENT]]/Tableau3[[#This Row],[Temps de parole total personnes ontologiques]]*600 -> 0 | S64: =Tableau3[[#This Row],[EVIDEMMENT]]/Tableau3[[#This Row],[Temps de parole total personnes ontologiques]]*600 -> 0 | T64: =Tableau3[[#This Row],[MANIFESTEMENT]]/Tableau3[[#This Row],[Temps de parole total personnes ontologiques]]*600 -> 0 | U64: =Tableau3[[#This Row],[VISIBLEMENT]]/Tableau3[[#This Row],[Temps de parole total personnes ontologiques]]*600 -> 0 | V64: =SUM(Tableau3[[#This Row],[avoir l''air '[look like'] per 10 min]:[visiblement '[visibly'] per 10 min]]) -> 2.3323978
A65: P19 | F65: 1 | K65: =SUM(B65:J65) -> 1 | L65: =_xlfn.XLOOKUP(Tableau3[[#This Row],[Personnes ontologiques]],'TEMPS PAROLE PERS_ONTO'!A:A,'TEMPS PAROLE PERS_ONTO'!B:B) -> 388.552 | M65: =Tableau3[[#This Row],[AVOIR L''AIR]]/Tableau3[[#This Row],[Temps de parole total personnes ontologiques]]*600 -> 0 | N65: =Tableau3[[#This Row],[AVOIR L''IMPRESSION]]/Tableau3[[#This Row],[Temps de parole total personnes ontologiques]]*600 -> 0 | O65: =Tableau3[[#This Row],[DONNER L''IMPRESSION]]/Tableau3[[#This Row],[Temps de parole total personnes ontologiques]]*600 -> 0 | P65: =Tableau3[[#This Row],[PARAITRE]]/Tableau3[[#This Row],[Temps de parole total personnes ontologiques]]*600 -> 0 | Q65: =Tableau3[[#This Row],[SEMBLER]]/Tableau3[[#This Row],[Temps de parole total personnes ontologiques]]*600 -> 1.5441949 | R65: =Tableau3[[#This Row],[APPAREMMENT]]/Tableau3[[#This Row],[Temps de parole total personnes ontologiques]]*600 -> 0 | S65: =Tableau3[[#This Row],[EVIDEMMENT]]/Tableau3[[#This Row],[Temps de parole total personnes ontologiques]]*600 -> 0 | T65: =Tableau3[[#This Row],[MANIFESTEMENT]]/Tableau3[[#This Row],[Temps de parole total personnes ontologiques]]*600 -> 0 | U65: =Tableau3[[#This Row],[VISIBLEMENT]]/Tableau3[[#This Row],[Temps de parole total personnes ontologiques]]*600 -> 0 | V65: =SUM(Tableau3[[#This Row],[avoir l''air '[look like'] per 10 min]:[visiblement '[visibly'] per 10 min]]) -> 1.5441949
A66: LUC | H66: 1 | K66: =SUM(B66:J66) -> 1 | L66: =_xlfn.XLOOKUP(Tableau3[[#This Row],[Personnes ontologiques]],'TEMPS PAROLE PERS_ONTO'!A:A,'TEMPS PAROLE PERS_ONTO'!B:B) -> 476.03 | M66: =Tableau3[[#This Row],[AVOIR L''AIR]]/Tableau3[[#This Row],[Temps de parole total personnes ontologiques]]*600 -> 0 | N66: =Tableau3[[#This Row],[AVOIR L''IMPRESSION]]/Tableau3[[#This Row],[Temps de parole total personnes ontologiques]]*600 -> 0 | O66: =Tableau3[[#This Row],[DONNER L''IMPRESSION]]/Tableau3[[#This Row],[Temps de parole total personnes ontologiques]]*600 -> 0 | P66: =Tableau3[[#This Row],[PARAITRE]]/Tableau3[[#This Row],[Temps de parole total personnes ontologiques]]*600 -> 0 | Q66: =Tableau3[[#This Row],[SEMBLER]]/Tableau3[[#This Row],[Temps de parole total personnes ontologiques]]*600 -> 0 | R66: =Tableau3[[#This Row],[APPAREMMENT]]/Tableau3[[#This Row],[Temps de parole total personnes ontologiques]]*600 -> 0 | S66: =Tableau3[[#This Row],[EVIDEMMENT]]/Tableau3[[#This Row],[Temps de parole total personnes ontologiques]]*600 -> 1.2604248 | T66: =Tableau3[[#This Row],[MANIFESTEMENT]]/Tableau3[[#This Row],[Temps de parole total personnes ontologiques]]*600 -> 0 | U66: =Tableau3[[#This Row],[VISIBLEMENT]]/Tableau3[[#This Row],[Temps de parole total personnes ontologiques]]*600 -> 0 | V66: =SUM(Tableau3[[#This Row],[avoir l''air '[look like'] per 10 min]:[visiblement '[visibly'] per 10 min]]) -> 1.2604248
A67: MEY | E67: 1 | K67: =SUM(B67:J67) -> 1 | L67: =_xlfn.XLOOKUP(Tableau3[[#This Row],[Personnes ontologiques]],'TEMPS PAROLE PERS_ONTO'!A:A,'TEMPS PAROLE PERS_ONTO'!B:B) -> 495.285 | M67: =Tableau3[[#This Row],[AVOIR L''AIR]]/Tableau3[[#This Row],[Temps de parole total personnes ontologiques]]*600 -> 0 | N67: =Tableau3[[#This Row],[AVOIR L''IMPRESSION]]/Tableau3[[#This Row],[Temps de parole total personnes ontologiques]]*600 -> 0 | O67: =Tableau3[[#This Row],[DONNER L''IMPRESSION]]/Tableau3[[#This Row],[Temps de parole total personnes ontologiques]]*600 -> 0 | P67: =Tableau3[[#This Row],[PARAITRE]]/Tableau3[[#This Row],[Temps de parole total personnes ontologiques]]*600 -> 1.2114237 | Q67: =Tableau3[[#This Row],[SEMBLER]]/Tableau3[[#This Row],[Temps de parole total personnes ontologiques]]*600 -> 0 | R67: =Tableau3[[#This Row],[APPAREMMENT]]/Tableau3[[#This Row],[Temps de parole total personnes ontologiques]]*600 -> 0 | S67: =Tableau3[[#This Row],[EVIDEMMENT]]/Tableau3[[#This Row],[Temps de parole total personnes ontologiques]]*600 -> 0 | T67: =Tableau3[[#This Row],[MANIFESTEMENT]]/Tableau3[[#This Row],[Temps de parole total personnes ontologiques]]*600 -> 0 | U67: =Tableau3[[#This Row],[VISIBLEMENT]]/Tableau3[[#This Row],[Temps de parole total personnes ontologiques]]*600 -> 0 | V67: =SUM(Tableau3[[#This Row],[avoir l''air '[look like'] per 10 min]:[visiblement '[visibly'] per 10 min]]) -> 1.2114237
A68: AN1 | F68: 1 | K68: =SUM(B68:J68) -> 1 | L68: =_xlfn.XLOOKUP(Tableau3[[#This Row],[Personnes ontologiques]],'TEMPS PAROLE PERS_ONTO'!A:A,'TEMPS PAROLE PERS_ONTO'!B:B) -> 510.289 | M68: =Tableau3[[#This Row],[AVOIR L''AIR]]/Tableau3[[#This Row],[Temps de parole total personnes ontologiques]]*600 -> 0 | N68: =Tableau3[[#This Row],[AVOIR L''IMPRESSION]]/Tableau3[[#This Row],[Temps de parole total personnes ontologiques]]*600 -> 0 | O68: =Tableau3[[#This Row],[DONNER L''IMPRESSION]]/Tableau3[[#This Row],[Temps de parole total personnes ontologiques]]*600 -> 0 | P68: =Tableau3[[#This Row],[PARAITRE]]/Tableau3[[#This Row],[Temps de parole total personnes ontologiques]]*600 -> 0 | Q68: =Tableau3[[#This Row],[SEMBLER]]/Tableau3[[#This Row],[Temps de parole total personnes ontologiques]]*600 -> 1.1758043 | R68: =Tableau3[[#This Row],[APPAREMMENT]]/Tableau3[[#This Row],[Temps de parole total personnes ontologiques]]*600 -> 0 | S68: =Tableau3[[#This Row],[EVIDEMMENT]]/Tableau3[[#This Row],[Temps de parole total personnes ontologiques]]*600 -> 0 | T68: =Tableau3[[#This Row],[MANIFESTEMENT]]/Tableau3[[#This Row],[Temps de parole total personnes ontologiques]]*600 -> 0 | U68: =Tableau3[[#This Row],[VISIBLEMENT]]/Tableau3[[#This Row],[Temps de parole total personnes ontologiques]]*600 -> 0 | V68: =SUM(Tableau3[[#This Row],[avoir l''air '[look like'] per 10 min]:[visiblement '[visibly'] per 10 min]]) -> 1.1758043
A69: DAR | C69: 1 | K69: =SUM(B69:J69) -> 1 | L69: =_xlfn.XLOOKUP(Tableau3[[#This Row],[Personnes ontologiques]],'TEMPS PAROLE PERS_ONTO'!A:A,'TEMPS PAROLE PERS_ONTO'!B:B) -> 520.536 | M69: =Tableau3[[#This Row],[AVOIR L''AIR]]/Tableau3[[#This Row],[Temps de parole total personnes ontologiques]]*600 -> 0 | N69: =Tableau3[[#This Row],[AVOIR L''IMPRESSION]]/Tableau3[[#This Row],[Temps de parole total personnes ontologiques]]*600 -> 1.152658 | O69: =Tableau3[[#This Row],[DONNER L''IMPRESSION]]/Tableau3[[#This Row],[Temps de parole total personnes ontologiques]]*600 -> 0 | P69: =Tableau3[[#This Row],[PARAITRE]]/Tableau3[[#This Row],[Temps de parole total personnes ontologiques]]*600 -> 0 | Q69: =Tableau3[[#This Row],[SEMBLER]]/Tableau3[[#This Row],[Temps de parole total personnes ontologiques]]*600 -> 0 | R69: =Tableau3[[#This Row],[APPAREMMENT]]/Tableau3[[#This Row],[Temps de parole total personnes ontologiques]]*600 -> 0 | S69: =Tableau3[[#This Row],[EVIDEMMENT]]/Tableau3[[#This Row],[Temps de parole total personnes ontologiques]]*600 -> 0 | T69: =Tableau3[[#This Row],[MANIFESTEMENT]]/Tableau3[[#This Row],[Temps de parole total personnes ontologiques]]*600 -> 0 | U69: =Tableau3[[#This Row],[VISIBLEMENT]]/Tableau3[[#This Row],[Temps de parole total personnes ontologiques]]*600 -> 0 | V69: =SUM(Tableau3[[#This Row],[avoir l''air '[look like'] per 10 min]:[visiblement '[visibly'] per 10 min]]) -> 1.152658
A70: GEO | H70: 1 | K70: =SUM(B70:J70) -> 1 | L70: =_xlfn.XLOOKUP(Tableau3[[#This Row],[Personnes ontologiques]],'TEMPS PAROLE PERS_ONTO'!A:A,'TEMPS PAROLE PERS_ONTO'!B:B) -> 535.991 | M70: =Tableau3[[#This Row],[AVOIR L''AIR]]/Tableau3[[#This Row],[Temps de parole total personnes ontologiques]]*600 -> 0 | N70: =Tableau3[[#This Row],[AVOIR L''IMPRESSION]]/Tableau3[[#This Row],[Temps de parole total personnes ontologiques]]*600 -> 0 | O70: =Tableau3[[#This Row],[DONNER L''IMPRESSION]]/Tableau3[[#This Row],[Temps de parole total personnes ontologiques]]*600 -> 0 | P70: =Tableau3[[#This Row],[PARAITRE]]/Tableau3[[#This Row],[Temps de parole total personnes ontologiques]]*600 -> 0 | Q70: =Tableau3[[#This Row],[SEMBLER]]/Tableau3[[#This Row],[Temps de parole total personnes ontologiques]]*600 -> 0 | R70: =Tableau3[[#This Row],[APPAREMMENT]]/Tableau3[[#This Row],[Temps de parole total personnes ontologiques]]*600 -> 0 | S70: =Tableau3[[#This Row],[EVIDEMMENT]]/Tableau3[[#This Row],[Temps de parole total personnes ontologiques]]*600 -> 1.1194218 | T70: =Tableau3[[#This Row],[MANIFESTEMENT]]/Tableau3[[#This Row],[Temps de parole total personnes ontologiques]]*600 -> 0 | U70: =Tableau3[[#This Row],[VISIBLEMENT]]/Tableau3[[#This Row],[Temps de parole total personnes ontologiques]]*600 -> 0 | V70: =SUM(Tableau3[[#This Row],[avoir l''air '[look like'] per 10 min]:[visiblement '[visibly'] per 10 min]]) -> 1.1194218
A71: DUM | F71: 1 | K71: =SUM(B71:J71) -> 1 | L71: =_xlfn.XLOOKUP(Tableau3[[#This Row],[Personnes ontologiques]],'TEMPS PAROLE PERS_ONTO'!A:A,'TEMPS PAROLE PERS_ONTO'!B:B) -> 621.308 | M71: =Tableau3[[#This Row],[AVOIR L''AIR]]/Tableau3[[#This Row],[Temps de parole total personnes ontologiques]]*600 -> 0 | N71: =Tableau3[[#This Row],[AVOIR L''IMPRESSION]]/Tableau3[[#This Row],[Temps de parole total personnes ontologiques]]*600 -> 0 | O71: =Tableau3[[#This Row],[DONNER L''IMPRESSION]]/Tableau3[[#This Row],[Temps de parole total personnes ontologiques]]*600 -> 0 | P71: =Tableau3[[#This Row],[PARAITRE]]/Tableau3[[#This Row],[Temps de parole total personnes ontologiques]]*600 -> 0 | Q71: =Tableau3[[#This Row],[SEMBLER]]/Tableau3[[#This Row],[Temps de parole total personnes ontologiques]]*600 -> 0.96570461 | R71: =Tableau3[[#This Row],[APPAREMMENT]]/Tableau3[[#This Row],[Temps de parole total personnes ontologiques]]*600 -> 0 | S71: =Tableau3[[#This Row],[EVIDEMMENT]]/Tableau3[[#This Row],[Temps de parole total personnes ontologiques]]*600 -> 0 | T71: =Tableau3[[#This Row],[MANIFESTEMENT]]/Tableau3[[#This Row],[Temps de parole total personnes ontologiques]]*600 -> 0 | U71: =Tableau3[[#This Row],[VISIBLEMENT]]/Tableau3[[#This Row],[Temps de parole total personnes ontologiques]]*600 -> 0 | V71: =SUM(Tableau3[[#This Row],[avoir l''air '[look like'] per 10 min]:[visiblement '[visibly'] per 10 min]]) -> 0.96570461
A72: BAC | F72: 1 | K72: =SUM(B72:J72) -> 1 | L72: =_xlfn.XLOOKUP(Tableau3[[#This Row],[Personnes ontologiques]],'TEMPS PAROLE PERS_ONTO'!A:A,'TEMPS PAROLE PERS_ONTO'!B:B) -> 673.548 | M72: =Tableau3[[#This Row],[AVOIR L''AIR]]/Tableau3[[#This Row],[Temps de parole total personnes ontologiques]]*600 -> 0 | N72: =Tableau3[[#This Row],[AVOIR L''IMPRESSION]]/Tableau3[[#This Row],[Temps de parole total personnes ontologiques]]*600 -> 0 | O72: =Tableau3[[#This Row],[DONNER L''IMPRESSION]]/Tableau3[[#This Row],[Temps de parole total personnes ontologiques]]*600 -> 0 | P72: =Tableau3[[#This Row],[PARAITRE]]/Tableau3[[#This Row],[Temps de parole total personnes ontologiques]]*600 -> 0 | Q72: =Tableau3[[#This Row],[SEMBLER]]/Tableau3[[#This Row],[Temps de parole total personnes ontologiques]]*600 -> 0.89080511 | R72: =Tableau3[[#This Row],[APPAREMMENT]]/Tableau3[[#This Row],[Temps de parole total personnes ontologiques]]*600 -> 0 | S72: =Tableau3[[#This Row],[EVIDEMMENT]]/Tableau3[[#This Row],[Temps de parole total personnes ontologiques]]*600 -> 0 | T72: =Tableau3[[#This Row],[MANIFESTEMENT]]/Tableau3[[#This Row],[Temps de parole total personnes ontologiques]]*600 -> 0 | U72: =Tableau3[[#This Row],[VISIBLEMENT]]/Tableau3[[#This Row],[Temps de parole total personnes ontologiques]]*600 -> 0 | V72: =SUM(Tableau3[[#This Row],[avoir l''air '[look like'] per 10 min]:[visiblement '[visibly'] per 10 min]]) -> 0.89080511
A73: HOD | H73: 1 | K73: =SUM(B73:J73) -> 1 | L73: =_xlfn.XLOOKUP(Tableau3[[#This Row],[Personnes ontologiques]],'TEMPS PAROLE PERS_ONTO'!A:A,'TEMPS PAROLE PERS_ONTO'!B:B) -> 760.253 | M73: =Tableau3[[#This Row],[AVOIR L''AIR]]/Tableau3[[#This Row],[Temps de parole total personnes ontologiques]]*600 -> 0 | N73: =Tableau3[[#This Row],[AVOIR L''IMPRESSION]]/Tableau3[[#This Row],[Temps de parole total personnes ontologiques]]*600 -> 0 | O73: =Tableau3[[#This Row],[DONNER L''IMPRESSION]]/Tableau3[[#This Row],[Temps de parole total personnes ontologiques]]*600 -> 0 | P73: =Tableau3[[#This Row],[PARAITRE]]/Tableau3[[#This Row],[Temps de parole total personnes ontologiques]]*600 -> 0 | Q73: =Tableau3[[#This Row],[SEMBLER]]/Tableau3[[#This Row],[Temps de parole total personnes ontologiques]]*600 -> 0 | R73: =Tableau3[[#This Row],[APPAREMMENT]]/Tableau3[[#This Row],[Temps de parole total personnes ontologiques]]*600 -> 0 | S73: =Tableau3[[#This Row],[EVIDEMMENT]]/Tableau3[[#This Row],[Temps de parole total personnes ontologiques]]*600 -> 0.78921096 | T73: =Tableau3[[#This Row],[MANIFESTEMENT]]/Tableau3[[#This Row],[Temps de parole total personnes ontologiques]]*600 -> 0 | U73: =Tableau3[[#This Row],[VISIBLEMENT]]/Tableau3[[#This Row],[Temps de parole total personnes ontologiques]]*600 -> 0 | V73: =SUM(Tableau3[[#This Row],[avoir l''air '[look like'] per 10 min]:[visiblement '[visibly'] per 10 min]]) -> 0.78921096
A74: CHA | F74: 1 | K74: =SUM(B74:J74) -> 1 | L74: =_xlfn.XLOOKUP(Tableau3[[#This Row],[Personnes ontologiques]],'TEMPS PAROLE PERS_ONTO'!A:A,'TEMPS PAROLE PERS_ONTO'!B:B) -> 776.41 | M74: =Tableau3[[#This Row],[AVOIR L''AIR]]/Tableau3[[#This Row],[Temps de parole total personnes ontologiques]]*600 -> 0 | N74: =Tableau3[[#This Row],[AVOIR L''IMPRESSION]]/Tableau3[[#This Row],[Temps de parole total personnes ontologiques]]*600 -> 0 | O74: =Tableau3[[#This Row],[DONNER L''IMPRESSION]]/Tableau3[[#This Row],[Temps de parole total personnes ontologiques]]*600 -> 0 | P74: =Tableau3[[#This Row],[PARAITRE]]/Tableau3[[#This Row],[Temps de parole total personnes ontologiques]]*600 -> 0 | Q74: =Tableau3[[#This Row],[SEMBLER]]/Tableau3[[#This Row],[Temps de parole total personnes ontologiques]]*600 -> 0.77278757 | R74: =Tableau3[[#This Row],[APPAREMMENT]]/Tableau3[[#This Row],[Temps de parole total personnes ontologiques]]*600 -> 0 | S74: =Tableau3[[#This Row],[EVIDEMMENT]]/Tableau3[[#This Row],[Temps de parole total personnes ontologiques]]*600 -> 0 | T74: =Tableau3[[#This Row],[MANIFESTEMENT]]/Tableau3[[#This Row],[Temps de parole total personnes ontologiques]]*600 -> 0 | U74: =Tableau3[[#This Row],[VISIBLEMENT]]/Tableau3[[#This Row],[Temps de parole total personnes ontologiques]]*600 -> 0 | V74: =SUM(Tableau3[[#This Row],[avoir l''air '[look like'] per 10 min]:[visiblement '[visibly'] per 10 min]]) -> 0.77278757
A75: JEA | E75: 1 | K75: =SUM(B75:J75) -> 1 | L75: =_xlfn.XLOOKUP(Tableau3[[#This Row],[Personnes ontologiques]],'TEMPS PAROLE PERS_ONTO'!A:A,'TEMPS PAROLE PERS_ONTO'!B:B) -> 803.375 | M75: =Tableau3[[#This Row],[AVOIR L''AIR]]/Tableau3[[#This Row],[Temps de parole total personnes ontologiques]]*600 -> 0 | N75: =Tableau3[[#This Row],[AVOIR L''IMPRESSION]]/Tableau3[[#This Row],[Temps de parole total personnes ontologiques]]*600 -> 0 | O75: =Tableau3[[#This Row],[DONNER L''IMPRESSION]]/Tableau3[[#This Row],[Temps de parole total personnes ontologiques]]*600 -> 0 | P75: =Tableau3[[#This Row],[PARAITRE]]/Tableau3[[#This Row],[Temps de parole total personnes ontologiques]]*600 -> 0.74684923 | Q75: =Tableau3[[#This Row],[SEMBLER]]/Tableau3[[#This Row],[Temps de parole total personnes ontologiques]]*600 -> 0 | R75: =Tableau3[[#This Row],[APPAREMMENT]]/Tableau3[[#This Row],[Temps de parole total personnes ontologiques]]*600 -> 0 | S75: =Tableau3[[#This Row],[EVIDEMMENT]]/Tableau3[[#This Row],[Temps de parole total personnes ontologiques]]*600 -> 0 | T75: =Tableau3[[#This Row],[MANIFESTEMENT]]/Tableau3[[#This Row],[Temps de parole total personnes ontologiques]]*600 -> 0 | U75: =Tableau3[[#This Row],[VISIBLEMENT]]/Tableau3[[#This Row],[Temps de parole total personnes ontologiques]]*600 -> 0 | V75: =SUM(Tableau3[[#This Row],[avoir l''air '[look like'] per 10 min]:[visiblement '[visibly'] per 10 min]]) -> 0.74684923
A76: WIL | C76: 1 | K76: =SUM(B76:J76) -> 1 | L76: =_xlfn.XLOOKUP(Tableau3[[#This Row],[Personnes ontologiques]],'TEMPS PAROLE PERS_ONTO'!A:A,'TEMPS PAROLE PERS_ONTO'!B:B) -> 840.816 | M76: =Tableau3[[#This Row],[AVOIR L''AIR]]/Tableau3[[#This Row],[Temps de parole total personnes ontologiques]]*600 -> 0 | N76: =Tableau3[[#This Row],[AVOIR L''IMPRESSION]]/Tableau3[[#This Row],[Temps de parole total personnes ontologiques]]*600 -> 0.71359251 | O76: =Tableau3[[#This Row],[DONNER L''IMPRESSION]]/Tableau3[[#This Row],[Temps de parole total personnes ontologiques]]*600 -> 0 | P76: =Tableau3[[#This Row],[PARAITRE]]/Tableau3[[#This Row],[Temps de parole total personnes ontologiques]]*600 -> 0 | Q76: =Tableau3[[#This Row],[SEMBLER]]/Tableau3[[#This Row],[Temps de parole total personnes ontologiques]]*600 -> 0 | R76: =Tableau3[[#This Row],[APPAREMMENT]]/Tableau3[[#This Row],[Temps de parole total personnes ontologiques]]*600 -> 0 | S76: =Tableau3[[#This Row],[EVIDEMMENT]]/Tableau3[[#This Row],[Temps de parole total personnes ontologiques]]*600 -> 0 | T76: =Tableau3[[#This Row],[MANIFESTEMENT]]/Tableau3[[#This Row],[Temps de parole total personnes ontologiques]]*600 -> 0 | U76: =Tableau3[[#This Row],[VISIBLEMENT]]/Tableau3[[#This Row],[Temps de parole total personnes ontologiques]]*600 -> 0 | V76: =SUM(Tableau3[[#This Row],[avoir l''air '[look like'] per 10 min]:[visiblement '[visibly'] per 10 min]]) -> 0.71359251
A77: BER | F77: 1 | K77: =SUM(B77:J77) -> 1 | L77: =_xlfn.XLOOKUP(Tableau3[[#This Row],[Personnes ontologiques]],'TEMPS PAROLE PERS_ONTO'!A:A,'TEMPS PAROLE PERS_ONTO'!B:B) -> 857.71 | M77: =Tableau3[[#This Row],[AVOIR L''AIR]]/Tableau3[[#This Row],[Temps de parole total personnes ontologiques]]*600 -> 0 | N77: =Tableau3[[#This Row],[AVOIR L''IMPRESSION]]/Tableau3[[#This Row],[Temps de parole total personnes ontologiques]]*600 -> 0 | O77: =Tableau3[[#This Row],[DONNER L''IMPRESSION]]/Tableau3[[#This Row],[Temps de parole total personnes ontologiques]]*600 -> 0 | P77: =Tableau3[[#This Row],[PARAITRE]]/Tableau3[[#This Row],[Temps de parole total personnes ontologiques]]*600 -> 0 | Q77: =Tableau3[[#This Row],[SEMBLER]]/Tableau3[[#This Row],[Temps de parole total personnes ontologiques]]*600 -> 0.69953714 | R77: =Tableau3[[#This Row],[APPAREMMENT]]/Tableau3[[#This Row],[Temps de parole total personnes ontologiques]]*600 -> 0 | S77: =Tableau3[[#This Row],[EVIDEMMENT]]/Tableau3[[#This Row],[Temps de parole total personnes ontologiques]]*600 -> 0 | T77: =Tableau3[[#This Row],[MANIFESTEMENT]]/Tableau3[[#This Row],[Temps de parole total personnes ontologiques]]*600 -> 0 | U77: =Tableau3[[#This Row],[VISIBLEMENT]]/Tableau3[[#This Row],[Temps de parole total personnes ontologiques]]*600 -> 0 | V77: =SUM(Tableau3[[#This Row],[avoir l''air '[look like'] per 10 min]:[visiblement '[visibly'] per 10 min]]) -> 0.69953714
A78: WEI | H78: 1 | K78: =SUM(B78:J78) -> 1 | L78: =_xlfn.XLOOKUP(Tableau3[[#This Row],[Personnes ontologiques]],'TEMPS PAROLE PERS_ONTO'!A:A,'TEMPS PAROLE PERS_ONTO'!B:B) -> 905.994 | M78: =Tableau3[[#This Row],[AVOIR L''AIR]]/Tableau3[[#This Row],[Temps de parole total personnes ontologiques]]*600 -> 0 | N78: =Tableau3[[#This Row],[AVOIR L''IMPRESSION]]/Tableau3[[#This Row],[Temps de parole total personnes ontologiques]]*600 -> 0 | O78: =Tableau3[[#This Row],[DONNER L''IMPRESSION]]/Tableau3[[#This Row],[Temps de parole total personnes ontologiques]]*600 -> 0 | P78: =Tableau3[[#This Row],[PARAITRE]]/Tableau3[[#This Row],[Temps de parole total personnes ontologiques]]*600 -> 0 | Q78: =Tableau3[[#This Row],[SEMBLER]]/Tableau3[[#This Row],[Temps de parole total personnes ontologiques]]*600 -> 0 | R78: =Tableau3[[#This Row],[APPAREMMENT]]/Tableau3[[#This Row],[Temps de parole total personnes ontologiques]]*600 -> 0 | S78: =Tableau3[[#This Row],[EVIDEMMENT]]/Tableau3[[#This Row],[Temps de parole total personnes ontologiques]]*600 -> 0.66225604 | T78: =Tableau3[[#This Row],[MANIFESTEMENT]]/Tableau3[[#This Row],[Temps de parole total personnes ontologiques]]*600 -> 0 | U78: =Tableau3[[#This Row],[VISIBLEMENT]]/Tableau3[[#This Row],[Temps de parole total personnes ontologiques]]*600 -> 0 | V78: =SUM(Tableau3[[#This Row],[avoir l''air '[look like'] per 10 min]:[visiblement '[visibly'] per 10 min]]) -> 0.66225604
A79: ANN | C79: 1 | K79: =SUM(B79:J79) -> 1 | L79: =_xlfn.XLOOKUP(Tableau3[[#This Row],[Personnes ontologiques]],'TEMPS PAROLE PERS_ONTO'!A:A,'TEMPS PAROLE PERS_ONTO'!B:B) -> 1199.015 | M79: =Tableau3[[#This Row],[AVOIR L''AIR]]/Tableau3[[#This Row],[Temps de parole total personnes ontologiques]]*600 -> 0 | N79: =Tableau3[[#This Row],[AVOIR L''IMPRESSION]]/Tableau3[[#This Row],[Temps de parole total personnes ontologiques]]*600 -> 0.50041075 | O79: =Tableau3[[#This Row],[DONNER L''IMPRESSION]]/Tableau3[[#This Row],[Temps de parole total personnes ontologiques]]*600 -> 0 | P79: =Tableau3[[#This Row],[PARAITRE]]/Tableau3[[#This Row],[Temps de parole total personnes ontologiques]]*600 -> 0 | Q79: =Tableau3[[#This Row],[SEMBLER]]/Tableau3[[#This Row],[Temps de parole total personnes ontologiques]]*600 -> 0 | R79: =Tableau3[[#This Row],[APPAREMMENT]]/Tableau3[[#This Row],[Temps de parole total personnes ontologiques]]*600 -> 0 | S79: =Tableau3[[#This Row],[EVIDEMMENT]]/Tableau3[[#This Row],[Temps de parole total personnes ontologiques]]*600 -> 0 | T79: =Tableau3[[#This Row],[MANIFESTEMENT]]/Tableau3[[#This Row],[Temps de parole total personnes ontologiques]]*600 -> 0 | U79: =Tableau3[[#This Row],[VISIBLEMENT]]/Tableau3[[#This Row],[Temps de parole total personnes ontologiques]]*600 -> 0 | V79: =SUM(Tableau3[[#This Row],[avoir l''air '[look like'] per 10 min]:[visiblement '[visibly'] per 10 min]]) -> 0.50041075
A80: Total général | B80: =SUM(B2:B79) -> 14 | C80: =SUM(C2:C79) -> 45 | D80: =SUM(D2:D79) -> 5 | E80: =SUM(E2:E79) -> 25 | F80: =SUM(F2:F79) -> 97 | G80: =SUM(G2:G79) -> 17 | H80: =SUM(H2:H79) -> 112 | I80: =SUM(I2:I79) -> 5 | ... U80: =SUM(U2:U79) -> 13.119031

Sheet TEMPS PAROLE PERS_ONTO
A1: Personne ONTO | B1: Temps parole total
A2: MIC | B2: 4526.901
A3: BOR | B3: 3916.654
A4: NA1 | B4: 3740.337
A5: ROG | B5: 3497.695
A6: STA | B6: 2936.32
A7: YVA | B7: 2715.902
A8: CAR | B8: 2443.553
A9: CH1 | B9: 2260.48
A10: unspecified | B10: 2197.409
A11: PAU | B11: 2146.405
A12: RAP | B12: 2014.831
A13: SAN | B13: 1863.615
... A147: ROH | B147: 0.809
